Level1,Level2,Level3,Risk1
CAF,,,0.1
CAF,INDICATEUR SUR LA PART DES PRESTATIONS DANS LES RESSOURCES DES FOYERS ALLOCATAIRES PAR COMMUNE,,0.1
CAF,INDICATEUR SUR LA PART DES PRESTATIONS DANS LES RESSOURCES DES FOYERS ALLOCATAIRES PAR COMMUNE,NOMBRE TOTAL DE FOYERS ALLOCATAIRES DE LA BRANCHE FAMILLE,0.1
CAF,INDICATEUR SUR LA PART DES PRESTATIONS DANS LES RESSOURCES DES FOYERS ALLOCATAIRES PAR COMMUNE,NOMBRE DE FOYERS ALLOCATAIRES DONT LES RESSOURCES SONT CONSTITUEES A 50% OU PLUS DES PRESTATIONS CAF,0.1
CAF,INDICATEUR SUR LA PART DES PRESTATIONS DANS LES RESSOURCES DES FOYERS ALLOCATAIRES PAR COMMUNE,NOMBRE DE FOYERS ALLOCATAIRES DONT LES RESSOURCES SONT CONSTITUEES A 100% DES PRESTATIONS CAF,0.1
CAF,BENEFICIAIRES BAS REVENUS,,0.1
CAF,BENEFICIAIRES BAS REVENUS,NOMBRE DE FOYERS ALLOCATAIRES DE REFERENCE POUR CALCUL DES BAS REVENUS,0.1
CAF,BENEFICIAIRES BAS REVENUS,NOMBRE DE PERSONNES COUVERTES DE REFERENCE POUR CALCUL DES BAS REVENUS,0.1
CAF,BENEFICIAIRES BAS REVENUS,NOMBRE TOTAL DE FOYERS ALLOCATAIRES BAS REVENUS,0.1
CAF,BENEFICIAIRES BAS REVENUS,NOMBRE TOTAL DE PERSONNES COUVERTES PAR LES FOYERS BAS REVENUS,0.1
CAF,POPULATION DES FOYERS ALLOCATAIRES PAR COMMUNE,,0.1
CAF,POPULATION DES FOYERS ALLOCATAIRES PAR COMMUNE,NOMBRE DE PERSONNES COUVERTES PAR LA BRANCHE FAMILLE,0.1
CAF,POPULATION DES FOYERS ALLOCATAIRES PAR COMMUNE,NOMBRE D'ENFANTS COUVERTS,0.1
CAF,REPARTITION DES FOYERS ALLOCATAIRES SELON LE TYPE DE FAMILLE PAR COMMUNE,,0.1
CAF,REPARTITION DES FOYERS ALLOCATAIRES SELON LE TYPE DE FAMILLE PAR COMMUNE,NOMBRE TOTAL DE FOYERS ALLOCATAIRES DE LA BRANCHE FAMILLE,0.1
CAF,REPARTITION DES FOYERS ALLOCATAIRES SELON LE TYPE DE FAMILLE PAR COMMUNE,NOMBRE DE FOYERS ALLOCATAIRES COUPLES SANS ENFANT,0.1
CAF,REPARTITION DES FOYERS ALLOCATAIRES SELON LE TYPE DE FAMILLE PAR COMMUNE,NOMBRE DE FOYERS ALLOCATAIRES COUPLES AVEC 1 ENFANT,0.1
CAF,REPARTITION DES FOYERS ALLOCATAIRES SELON LE TYPE DE FAMILLE PAR COMMUNE,NOMBRE DE FOYERS ALLOCATAIRES COUPLES AVEC 2 ENFANTS,0.1
CAF,REPARTITION DES FOYERS ALLOCATAIRES SELON LE TYPE DE FAMILLE PAR COMMUNE,NOMBRE DE FOYERS ALLOCATAIRES COUPLES AVEC 3 ENFANTS,0.1
CAF,REPARTITION DES FOYERS ALLOCATAIRES SELON LE TYPE DE FAMILLE PAR COMMUNE,NOMBRE DE FOYERS ALLOCATAIRES COUPLES AVEC 4 A X ENFANTS,0.1
CAF,REPARTITION DES FOYERS ALLOCATAIRES SELON LE TYPE DE FAMILLE PAR COMMUNE,NOMBRE DE FOYERS ALLOCATAIRES MESSIEURS ISOLES,0.1
CAF,REPARTITION DES FOYERS ALLOCATAIRES SELON LE TYPE DE FAMILLE PAR COMMUNE,NOMBRE DE FOYERS ALLOCATAIRES MESDAMES ISOLEES,0.1
CAF,REPARTITION DES FOYERS ALLOCATAIRES SELON LE TYPE DE FAMILLE PAR COMMUNE,NOMBRE DE FOYERS ALLOCATAIRES MONOPARENTS AVEC 1 ENFANT,0.1
CAF,REPARTITION DES FOYERS ALLOCATAIRES SELON LE TYPE DE FAMILLE PAR COMMUNE,NOMBRE DE FOYERS ALLOCATAIRES MONOPARENTS AVEC 2 ENFANTS,0.1
CAF,REPARTITION DES FOYERS ALLOCATAIRES SELON LE TYPE DE FAMILLE PAR COMMUNE,NOMBRE DE FOYERS ALLOCATAIRES MONOPARENTS AVEC 3 ENFANTS,0.1
CAF,REPARTITION DES FOYERS ALLOCATAIRES SELON LE TYPE DE FAMILLE PAR COMMUNE,NOMBRE DE FOYERS ALLOCATAIRES MONOPARENTS AVEC 4 A X ENFANTS,0.1
CAF,DENOMBREMENT ET REPARTITION DES FOYERS ALLOCATAIRES SELON L'AGE DU RESPONSABLE,,0.1
CAF,DENOMBREMENT ET REPARTITION DES FOYERS ALLOCATAIRES SELON L'AGE DU RESPONSABLE,NOMBRE TOTAL DE FOYERS ALLOCATAIRES DE LA BRANCHE FAMILLE,0.1
CAF,DENOMBREMENT ET REPARTITION DES FOYERS ALLOCATAIRES SELON L'AGE DU RESPONSABLE,NOMBRE DE FOYERS ALLOCATAIRES DONT LE TITUTAILRE DU DOSSIER EST AGE DE MOINS DE 20 ANS,0.1
CAF,DENOMBREMENT ET REPARTITION DES FOYERS ALLOCATAIRES SELON L'AGE DU RESPONSABLE,NOMBRE DE FOYERS ALLOCATAIRES DONT LE TITUTAILRE DU DOSSIER EST AGE DE 20 A 24 ANS,0.1
CAF,DENOMBREMENT ET REPARTITION DES FOYERS ALLOCATAIRES SELON L'AGE DU RESPONSABLE,NOMBRE DE FOYERS ALLOCATAIRES DONT LE TITUTAILRE DU DOSSIER EST AGE DE 25 A 29 ANS,0.1
CAF,DENOMBREMENT ET REPARTITION DES FOYERS ALLOCATAIRES SELON L'AGE DU RESPONSABLE,NOMBRE DE FOYERS ALLOCATAIRES DONT LE TITUTAILRE DU DOSSIER EST AGE DE 30 A 39 ANS,0.1
CAF,DENOMBREMENT ET REPARTITION DES FOYERS ALLOCATAIRES SELON L'AGE DU RESPONSABLE,NOMBRE DE FOYERS ALLOCATAIRES DONT LE TITUTAILRE DU DOSSIER EST AGE DE 40 A 49 ANS,0.1
CAF,DENOMBREMENT ET REPARTITION DES FOYERS ALLOCATAIRES SELON L'AGE DU RESPONSABLE,NOMBRE DE FOYERS ALLOCATAIRES DONT LE TITUTAILRE DU DOSSIER EST AGE DE 50 A 54 ANS,0.1
CAF,DENOMBREMENT ET REPARTITION DES FOYERS ALLOCATAIRES SELON L'AGE DU RESPONSABLE,NOMBRE DE FOYERS ALLOCATAIRES DONT LE TITUTAILRE DU DOSSIER EST AGE DE 55 A 59 ANS,0.1
CAF,DENOMBREMENT ET REPARTITION DES FOYERS ALLOCATAIRES SELON L'AGE DU RESPONSABLE,NOMBRE DE FOYERS ALLOCATAIRES DONT LE TITUTAILRE DU DOSSIER EST AGE DE 60 A 64 ANS,0.1
CAF,DENOMBREMENT ET REPARTITION DES FOYERS ALLOCATAIRES SELON L'AGE DU RESPONSABLE,NOMBRE DE FOYERS ALLOCATAIRES DONT LE TITUTAILRE DU DOSSIER EST AGE DE 65 A 69 ANS,0.1
CAF,DENOMBREMENT ET REPARTITION DES FOYERS ALLOCATAIRES SELON L'AGE DU RESPONSABLE,NOMBRE DE FOYERS ALLOCATAIRES DONT LE TITUTAILRE DU DOSSIER EST AGE DE 70 ANS OU PLUS,0.1
CAF,DENOMBREMENT ET REPARTITION DES FOYERS ALLOCATAIRES SELON L'AGE DU RESPONSABLE,NOMBRE DE FOYERS ALLOCATAIRES DONT LE TITUTAILRE DU DOSSIER EST D'AGE INCONNU,0.1
CAF,POPULATION DES FOYERS ALLOCATAIRES PERCEVANT UNE AIDE PERSONNELLE AU LOGEMENT,,0.1
CAF,POPULATION DES FOYERS ALLOCATAIRES PERCEVANT UNE AIDE PERSONNELLE AU LOGEMENT,NOMBRE TOTAL DE FOYERS ALLOCATAIRES DE LA BRANCHE FAMILLE,0.1
CAF,POPULATION DES FOYERS ALLOCATAIRES PERCEVANT UNE AIDE PERSONNELLE AU LOGEMENT,NOMBRE TOTAL DE FOYERS ALLOCATAIRES BENEFICIAIRE D'UNE AIDE AU LOGEMENT,0.1
CAF,POPULATION DES FOYERS ALLOCATAIRES PERCEVANT UNE AIDE PERSONNELLE AU LOGEMENT,NOMBRE TOTAL DE FOYERS ALLOCATAIRES BENEFICIAIRE DE L'ALF,0.1
CAF,POPULATION DES FOYERS ALLOCATAIRES PERCEVANT UNE AIDE PERSONNELLE AU LOGEMENT,NOMBRE TOTAL DE FOYERS ALLOCATAIRES BENEFICIAIRE DE L'ALS,0.1
CAF,POPULATION DES FOYERS ALLOCATAIRES PERCEVANT UNE AIDE PERSONNELLE AU LOGEMENT,NOMBRE TOTAL DE FOYERS ALLOCATAIRES BENEFICIAIRE DE L'APL,0.1
CAF,POPULATION DES FOYERS ALLOCATAIRES PERCEVANT UNE AIDE PERSONNELLE AU LOGEMENT,NOMBRE DE FOYERS ALLOCATAIRES EN LOCATION OU EN FOYER BENEFICIAIRE DE L'ALF,0.1
CAF,POPULATION DES FOYERS ALLOCATAIRES PERCEVANT UNE AIDE PERSONNELLE AU LOGEMENT,NOMBRE DE FOYERS ALLOCATAIRES EN LOCATION OU EN FOYER BENEFICIAIRE DE L'ALS,0.1
CAF,POPULATION DES FOYERS ALLOCATAIRES PERCEVANT UNE AIDE PERSONNELLE AU LOGEMENT,NOMBRE DE FOYERS ALLOCATAIRES EN LOCATION OU EN FOYER BENEFICIAIRE DE L'APL,0.1
CAF,POPULATION DES FOYERS ALLOCATAIRES PERCEVANT UNE AIDE PERSONNELLE AU LOGEMENT,NOMBRE DE FOYERS ALLOCATAIRES PROPRIETAIRE BENEFICIAIRE DE L'ALF,0.1
CAF,POPULATION DES FOYERS ALLOCATAIRES PERCEVANT UNE AIDE PERSONNELLE AU LOGEMENT,NOMBRE DE FOYERS ALLOCATAIRES PROPRIETAIRE BENEFICIAIRE DE L'ALF,0.1
CAF,POPULATION DES FOYERS ALLOCATAIRES PERCEVANT UNE AIDE PERSONNELLE AU LOGEMENT,NOMBRE DE FOYERS ALLOCATAIRES PROPRIETAIRE BENEFICIAIRE DE L'ALF,0.1
CAF,POPULATION DES FOYERS ALLOCATAIRES PERCEVANT UNE AIDE PERSONNELLE AU LOGEMENT,NOMBRE TOTAL DE FOYERS ALLOCATAIRES EN LOCATION OU EN FOYER BENEFICIAIRE D'UNE AIDE AU LOGEMENT,0.1
CAF,POPULATION DES FOYERS ALLOCATAIRES PERCEVANT UNE AIDE PERSONNELLE AU LOGEMENT,NOMBRE TOTAL DE FOYERS ALLOCATAIRES PROPRIETAIRE BENEFICIAIRE D'UNE AIDE AU LOGEMENT,0.1
CAF,FOYERS ALLOCATAIRES PERCEVANT LA PRESTATION D'ACCUEIL DU JEUNE ENFANT PAJE PAR COMMUNE,,0.1
CAF,FOYERS ALLOCATAIRES PERCEVANT LA PRESTATION D'ACCUEIL DU JEUNE ENFANT PAJE PAR COMMUNE,NOMBRE TOTAL DE FOYERS ALLOCATAIRES DE LA BRANCHE FAMILLE,0.1
CAF,FOYERS ALLOCATAIRES PERCEVANT LA PRESTATION D'ACCUEIL DU JEUNE ENFANT PAJE PAR COMMUNE,NOMBRE DE FOYERS ALLOCATAIRES PAJE VERSABLE,0.1
CAF,FOYERS ALLOCATAIRES PERCEVANT LA PRESTATION D'ACCUEIL DU JEUNE ENFANT PAJE PAR COMMUNE,NOMBRE DE FOYERS ALLOCATAIRES PRIME NAISSANCE OU ADOPTION VERSEES,0.1
CAF,FOYERS ALLOCATAIRES PERCEVANT LA PRESTATION D'ACCUEIL DU JEUNE ENFANT PAJE PAR COMMUNE,NOMBRE DE FOYERS ALLOCATAIRES AVEC DROIT BASE PAJE VERSABLE,0.1
CAF,FOYERS ALLOCATAIRES PERCEVANT LA PRESTATION D'ACCUEIL DU JEUNE ENFANT PAJE PAR COMMUNE,NOMBRE DE FOYERS ALLOCATAIRES CMG VERSABLE,0.1
CAF,FOYERS ALLOCATAIRES PERCEVANT LA PRESTATION D'ACCUEIL DU JEUNE ENFANT PAJE PAR COMMUNE,NOMBRE DE FOYERS ALLOCATAIRES CMG ASSISTANTE MATERNELLE VERSABLE,0.1
CAF,FOYERS ALLOCATAIRES PERCEVANT LA PRESTATION D'ACCUEIL DU JEUNE ENFANT PAJE PAR COMMUNE,NOMBRE DE FOYERS ALLOCATAIRES CMG GARDE A DOMICILE VERSABLE,0.1
CAF,FOYERS ALLOCATAIRES PERCEVANT LA PRESTATION D'ACCUEIL DU JEUNE ENFANT PAJE PAR COMMUNE,NOMBRE DE FOYERS ALLOCATAIRES CMG STRUCTURE (ENTREPRISE OU ASSOCIATION) VERSABLE,0.1
CAF,FOYERS ALLOCATAIRES PERCEVANT LA PRESTATION D'ACCUEIL DU JEUNE ENFANT PAJE PAR COMMUNE,NOMBRE DE FOYERS ALLOCATAIRES CLCA VERSABLE,0.1
CAF,POPULATION DES FOYERS ALLOCATAIRES PERCEVANT LE REVENU DE SOLIDARITE,,0.1
CAF,POPULATION DES FOYERS ALLOCATAIRES PERCEVANT LE REVENU DE SOLIDARITE,NOMBRE DE PERSONNES COUVERTES PAR UNE PRESTATION DE LA BRANCHE FAMILLE,0.1
CAF,POPULATION DES FOYERS ALLOCATAIRES PERCEVANT LE REVENU DE SOLIDARITE,NOMBRE DE PERSONNES COUVERTES PAR LE RSA,0.1
CAF,POPULATION DES FOYERS ALLOCATAIRES PERCEVANT LE REVENU DE SOLIDARITE,NOMBRE DE PERSONNES COUVERTES PAR LE RSA SOCLE SANS MAJORATION VERSABLE,0.1
CAF,POPULATION DES FOYERS ALLOCATAIRES PERCEVANT LE REVENU DE SOLIDARITE,NOMBRE DE PERSONNES COUVERTES PAR LE RSA SOCLE AVEC MAJORATION VERSABLE,0.1
CAF,POPULATION DES FOYERS ALLOCATAIRES PERCEVANT LE REVENU DE SOLIDARITE,NOMBRE DE PERSONNES COUVERTES PAR LE RSA ACTIVITE VERSABLE,0.1
CAF,PERSONNES AYANT UN DROIT VERSABLE A L'ALLOCATION AUX ADULTES HANDICAPES,,0.1
CAF,PERSONNES AYANT UN DROIT VERSABLE A L'ALLOCATION AUX ADULTES HANDICAPES,NOMBRE TOTAL DE FOYERS ALLOCATAIRES DE LA BRANCHE FAMILLE,0.1
CAF,PERSONNES AYANT UN DROIT VERSABLE A L'ALLOCATION AUX ADULTES HANDICAPES,NOMBRE D'ALLOCATAIRES AVEC AAH VERSABLE,0.1
CAF,REPARTITION PAR TRANCHE D'AGE DES ENFANTS COUVERTS PAR DES PRESTATIONS CAF,,0.1
CAF,REPARTITION PAR TRANCHE D'AGE DES ENFANTS COUVERTS PAR DES PRESTATIONS CAF,NOMBRE D'ENFANTS BENEFICIAIRES D'AU MOINS UNE PRESTATION CAF VERSABLE,0.1
CAF,REPARTITION PAR TRANCHE D'AGE DES ENFANTS COUVERTS PAR DES PRESTATIONS CAF,NOMBRE D'ENFANTS DE 0 A 2 ANS, BENEFICIAIRES D'AU MOINS UNE PRESTATION CAF VERSABLE,0.1
CAF,REPARTITION PAR TRANCHE D'AGE DES ENFANTS COUVERTS PAR DES PRESTATIONS CAF,NOMBRE D'ENFANTS DE 3 A 5 ANS, BENEFICIAIRES D'AU MOINS UNE PRESTATION CAF VERSABLE,0.1
CAF,REPARTITION PAR TRANCHE D'AGE DES ENFANTS COUVERTS PAR DES PRESTATIONS CAF,NOMBRE D'ENFANTS DE 6 A 11 ANS, BENEFICIAIRES D'AU MOINS UNE PRESTATION CAF VERSABLE,0.1
CAF,REPARTITION PAR TRANCHE D'AGE DES ENFANTS COUVERTS PAR DES PRESTATIONS CAF,NOMBRE D'ENFANTS DE 12 A 15 ANS, BENEFICIAIRES D'AU MOINS UNE PRESTATION CAF VERSABLE,0.1
CAF,REPARTITION PAR TRANCHE D'AGE DES ENFANTS COUVERTS PAR DES PRESTATIONS CAF,NOMBRE D'ENFANTS DE 16 A 17 ANS, BENEFICIAIRES D'AU MOINS UNE PRESTATION CAF VERSABLE,0.1
CAF,REPARTITION PAR TRANCHE D'AGE DES ENFANTS COUVERTS PAR DES PRESTATIONS CAF,NOMBRE D'ENFANTS DE 18 A 19 ANS, BENEFICIAIRES D'AU MOINS UNE PRESTATION CAF VERSABLE,0.1
CAF,REPARTITION PAR TRANCHE D'AGE DES ENFANTS COUVERTS PAR DES PRESTATIONS CAF,NOMBRE D'ENFANTS DE 20 A 24 ANS, BENEFICIAIRES D'AU MOINS UNE PRESTATION CAF VERSABLE,0.1
CAF,NOMBRE D'ENFANTS COUVERTS PAR L'ALLOCATION D'EDUCATION DE L'ENFANT HANDICAPE AEEH PAR COMMUNE,,0.1
CAF,NOMBRE D'ENFANTS COUVERTS PAR L'ALLOCATION D'EDUCATION DE L'ENFANT HANDICAPE AEEH PAR COMMUNE,NOMBRE D'ENFANTS BENEFICIAIRES DE L'AEEH VERSABLE,0.1
CAF,NOMBRE D'ENFANTS COUVERTS PAR L'ALLOCATION D'EDUCATION DE L'ENFANT HANDICAPE AEEH PAR COMMUNE,NOMBRE D'ENFANTS DE 0 A 2 ANS BENEFICIAIRES DE L'AEEH VERSABLE,0.1
CAF,NOMBRE D'ENFANTS COUVERTS PAR L'ALLOCATION D'EDUCATION DE L'ENFANT HANDICAPE AEEH PAR COMMUNE,NOMBRE D'ENFANTS DE 3 A 5 ANS BENEFICIAIRES DE L'AEEH VERSABLE,0.1
CAF,NOMBRE D'ENFANTS COUVERTS PAR L'ALLOCATION D'EDUCATION DE L'ENFANT HANDICAPE AEEH PAR COMMUNE,NOMBRE D'ENFANTS DE 6 A 11 ANS BENEFICIAIRES DE L'AEEH VERSABLE,0.1
CAF,NOMBRE D'ENFANTS COUVERTS PAR L'ALLOCATION D'EDUCATION DE L'ENFANT HANDICAPE AEEH PAR COMMUNE,NOMBRE D'ENFANTS DE 12 A 15 ANS BENEFICIAIRES DE L'AEEH VERSABLE,0.1
CAF,NOMBRE D'ENFANTS COUVERTS PAR L'ALLOCATION D'EDUCATION DE L'ENFANT HANDICAPE AEEH PAR COMMUNE,NOMBRE D'ENFANTS DE 16 A 17 ANS BENEFICIAIRES DE L'AEEH VERSABLE,0.1
CAF,NOMBRE D'ENFANTS COUVERTS PAR L'ALLOCATION D'EDUCATION DE L'ENFANT HANDICAPE AEEH PAR COMMUNE,NOMBRE D'ENFANTS DE 18 A 20 ANS BENEFICIAIRES DE L'AEEH VERSABLE,0.1
CAF,FOYERS ALLOCATAIRES PERCEVANT LE REVENU DE SOLIDARITE ACTIVE RSA PAR COMMUNE,,0.1
CAF,FOYERS ALLOCATAIRES PERCEVANT LE REVENU DE SOLIDARITE ACTIVE RSA PAR COMMUNE,NOMBRE TOTAL DE FOYERS ALLOCATAIRES DE LA BRANCHE FAMILLE,0.1
CAF,FOYERS ALLOCATAIRES PERCEVANT LE REVENU DE SOLIDARITE ACTIVE RSA PAR COMMUNE,NOMBRE TOTAL DE FOYERS ALLOCATAIRES RSA,0.1
CAF,FOYERS ALLOCATAIRES PERCEVANT LE REVENU DE SOLIDARITE ACTIVE RSA PAR COMMUNE,NOMBRE DE FOYERS ALLOCATAIRES RSA JEUNE,0.1
CAF,FOYERS ALLOCATAIRES PERCEVANT LE REVENU DE SOLIDARITE ACTIVE RSA PAR COMMUNE,NOMBRE DE FOYERS ALLOCATAIRES RSA SOCLE SANS MAJORATION VERSABLE,0.1
CAF,FOYERS ALLOCATAIRES PERCEVANT LE REVENU DE SOLIDARITE ACTIVE RSA PAR COMMUNE,NOMBRE DE FOYERS ALLOCATAIRES RSA SOCLE AVEC MAJORATION VERSABLE,0.1
CAF,FOYERS ALLOCATAIRES PERCEVANT LE REVENU DE SOLIDARITE ACTIVE RSA PAR COMMUNE,NOMBRE DE FOYERS ALLOCATAIRES RSA ACTIVITE VERSABLE,0.1
CAF,FOYERS ALLOCATAIRES PERCEVANT UNE PRESTATION ENFANCE ET JEUNESSE AF CF ASF AEEH et ARS par commune,,0.1
CAF,FOYERS ALLOCATAIRES PERCEVANT UNE PRESTATION ENFANCE ET JEUNESSE AF CF ASF AEEH et ARS par commune,NOMBRE TOTAL DE FOYERS ALLOCATAIRES DE LA BRANCHE FAMILLE,0.1
CAF,FOYERS ALLOCATAIRES PERCEVANT UNE PRESTATION ENFANCE ET JEUNESSE AF CF ASF AEEH et ARS par commune,NOMBRE DE FOYERS ALLOCATAIRES AVEC AF VERSABLE,0.1
CAF,FOYERS ALLOCATAIRES PERCEVANT UNE PRESTATION ENFANCE ET JEUNESSE AF CF ASF AEEH et ARS par commune,NOMBRE DE FOYERS ALLOCATAIRES AVEC CF VERSABLE,0.1
CAF,FOYERS ALLOCATAIRES PERCEVANT UNE PRESTATION ENFANCE ET JEUNESSE AF CF ASF AEEH et ARS par commune,NOMBRE DE FOYERS ALLOCATAIRES AVEC ARS VERSABLE,0.1
CAF,FOYERS ALLOCATAIRES PERCEVANT UNE PRESTATION ENFANCE ET JEUNESSE AF CF ASF AEEH et ARS par commune,NOMBRE DE FOYERS ALLOCATAIRES AVEC ASF VERSABLE,0.1
CAF,FOYERS ALLOCATAIRES PERCEVANT UNE PRESTATION ENFANCE ET JEUNESSE AF CF ASF AEEH et ARS par commune,NOMBRE DE FOYERS ALLOCATAIRES AVEC AEEH VERSABLE,0.1
CAF,POPULATION DES FOYERS ALLOCATAIRES,0.1
CAF,POPULATION DES FOYERS ALLOCATAIRES,NOMBRE DE PERSONNES COUVERTES PAR UNE AIDE AU LOGEMENT VERSABLE,0.1
CAF,POPULATION DES FOYERS ALLOCATAIRES,NOMBRE DE PERSONNES COUVERTES PAR ALF VERSABLE,0.1
CAF,POPULATION DES FOYERS ALLOCATAIRES,NOMBRE DE PERSONNES COUVERTES PAR ALS VERSABLE,0.1
CAF,POPULATION DES FOYERS ALLOCATAIRES,NOMBRE DE PERSONNES COUVERTES PAR APL VERSABLE,0.1
CAF,NOMBRE D'ENFANTS COUVERTS PAR L'ALLOCATION DE RENTREE SCOLAIRE ARS PAR COMMUNE,,0.1
CAF,NOMBRE D'ENFANTS COUVERTS PAR L'ALLOCATION DE RENTREE SCOLAIRE ARS PAR COMMUNE,NOMBRE D'ENFANTS OUVRANT DROIT A L'ARS VERSABLE,0.1
CAF,NOMBRE D'ENFANTS COUVERTS PAR L'ALLOCATION DE RENTREE SCOLAIRE ARS PAR COMMUNE,NOMBRE D'ENFANTS DE 5 A 10 ANS, OUVRANT DROIT A L'ARS VERSABLE,0.1
CAF,NOMBRE D'ENFANTS COUVERTS PAR L'ALLOCATION DE RENTREE SCOLAIRE ARS PAR COMMUNE,NOMBRE D'ENFANTS DE 11 A 14 ANS, OUVRANT DROIT A L'ARS VERSABLE,0.1
CAF,NOMBRE D'ENFANTS COUVERTS PAR L'ALLOCATION DE RENTREE SCOLAIRE ARS PAR COMMUNE,NOMBRE D'ENFANTS DE 15 A 17 ANS, OUVRANT DROIT A L'ARS VERSABLE,0.1
INSEE,EQUIPEMENT SERVICE COMMERCE INFRASTRUCTURE,,0.1
INSEE,EQUIPEMENT SERVICE COMMERCE INFRASTRUCTURE,Hypermarché,0.1
INSEE,EQUIPEMENT SERVICE COMMERCE INFRASTRUCTURE,Supermarché,0.1
INSEE,EQUIPEMENT SERVICE COMMERCE INFRASTRUCTURE,Grande surface de bricolage,0.1
INSEE,EQUIPEMENT SERVICE COMMERCE INFRASTRUCTURE,Supérette,0.1
INSEE,EQUIPEMENT SERVICE COMMERCE INFRASTRUCTURE,Epicerie,0.1
INSEE,EQUIPEMENT SERVICE COMMERCE INFRASTRUCTURE,Boulangerie,0.1
INSEE,EQUIPEMENT SERVICE COMMERCE INFRASTRUCTURE,Boucherie charcuterie,0.1
INSEE,EQUIPEMENT SERVICE COMMERCE INFRASTRUCTURE,Produits surgelés,0.1
INSEE,EQUIPEMENT SERVICE COMMERCE INFRASTRUCTURE,Poissonnerie,0.1
INSEE,EQUIPEMENT SERVICE COMMERCE INFRASTRUCTURE,Librairie papeterie journaux,0.1
INSEE,EQUIPEMENT SERVICE COMMERCE INFRASTRUCTURE,Magasin de vêtements,0.1
INSEE,EQUIPEMENT SERVICE COMMERCE INFRASTRUCTURE,Magasin d'équipements du foyer,0.1
INSEE,EQUIPEMENT SERVICE COMMERCE INFRASTRUCTURE,Magasin de chaussures,0.1
INSEE,EQUIPEMENT SERVICE COMMERCE INFRASTRUCTURE,Magasin d'électroménager et de matériel audio-vidéo,0.1
INSEE,EQUIPEMENT SERVICE COMMERCE INFRASTRUCTURE,Magasin de meubles,0.1
INSEE,EQUIPEMENT SERVICE COMMERCE INFRASTRUCTURE,Magasin d'articles de sports et de loisirs,0.1
INSEE,EQUIPEMENT SERVICE COMMERCE INFRASTRUCTURE,Magasin de revêtements murs et sols,0.1
INSEE,EQUIPEMENT SERVICE COMMERCE INFRASTRUCTURE,Droguerie quincaillerie bricolage,0.1
INSEE,EQUIPEMENT SERVICE COMMERCE INFRASTRUCTURE,Parfumerie,0.1
INSEE,EQUIPEMENT SERVICE COMMERCE INFRASTRUCTURE,Horlogerie Bijouterie,0.1
INSEE,EQUIPEMENT SERVICE COMMERCE INFRASTRUCTURE,Fleuriste,0.1
INSEE,EQUIPEMENT SERVICE COMMERCE INFRASTRUCTURE,Magasin d'optique,0.1
INSEE,EQUIPEMENT SERVICE COMMERCE INFRASTRUCTURE,Station service,0.1
INSEE,EQUIPEMENT SPORTIF LOISIR INFRASTRUCTURE SOCIALE,,0.1
INSEE,EQUIPEMENT SPORTIF LOISIR INFRASTRUCTURE SOCIALE,Bassin de natation,0.1
INSEE,EQUIPEMENT SPORTIF LOISIR INFRASTRUCTURE SOCIALE,Bassin de natation - nombre de bassins de natation, sportive et/ou ludique,0.1
INSEE,EQUIPEMENT SPORTIF LOISIR INFRASTRUCTURE SOCIALE,Bassin de natation avec au moins un bassin couvert,0.1
INSEE,EQUIPEMENT SPORTIF LOISIR INFRASTRUCTURE SOCIALE,Bassin de natation avec au moins un bassin éclairé,0.1
INSEE,EQUIPEMENT SPORTIF LOISIR INFRASTRUCTURE SOCIALE,Boulodrome,0.1
INSEE,EQUIPEMENT SPORTIF LOISIR INFRASTRUCTURE SOCIALE,Boulodrome - nombre de terrains,0.1
INSEE,EQUIPEMENT SPORTIF LOISIR INFRASTRUCTURE SOCIALE,Boulodrome avec au moins un terrain couvert,0.1
INSEE,EQUIPEMENT SPORTIF LOISIR INFRASTRUCTURE SOCIALE,Boulodrome avec au moins un terrain éclairé,0.1
INSEE,EQUIPEMENT SPORTIF LOISIR INFRASTRUCTURE SOCIALE,Tennis,0.1
INSEE,EQUIPEMENT SPORTIF LOISIR INFRASTRUCTURE SOCIALE,Tennis - nombre de courts,0.1
INSEE,EQUIPEMENT SPORTIF LOISIR INFRASTRUCTURE SOCIALE,Tennis avec au moins un court couvert,0.1
INSEE,EQUIPEMENT SPORTIF LOISIR INFRASTRUCTURE SOCIALE,Tennis avec au moins un court éclairé,0.1
INSEE,EQUIPEMENT SPORTIF LOISIR INFRASTRUCTURE SOCIALE,Équipement de cyclisme,0.1
INSEE,EQUIPEMENT SPORTIF LOISIR INFRASTRUCTURE SOCIALE,Équipement de cyclisme - nombre de pistes,0.1
INSEE,EQUIPEMENT SPORTIF LOISIR INFRASTRUCTURE SOCIALE,Équipement de cyclisme avec au moins une piste couverte,0.1
INSEE,EQUIPEMENT SPORTIF LOISIR INFRASTRUCTURE SOCIALE,Équipement de cyclisme avec au moins une piste éclairée,0.1
INSEE,EQUIPEMENT SPORTIF LOISIR INFRASTRUCTURE SOCIALE,Domaine skiable,0.1
INSEE,EQUIPEMENT SPORTIF LOISIR INFRASTRUCTURE SOCIALE,Domaine skiable - nombre de pistes,0.1
INSEE,EQUIPEMENT SPORTIF LOISIR INFRASTRUCTURE SOCIALE,Domaine skiable avec au moins une piste couverte,0.1
INSEE,EQUIPEMENT SPORTIF LOISIR INFRASTRUCTURE SOCIALE,Domaine skiable avec au moins une piste éclairée,0.1
INSEE,EQUIPEMENT SPORTIF LOISIR INFRASTRUCTURE SOCIALE,Centre équestre,0.1
INSEE,EQUIPEMENT SPORTIF LOISIR INFRASTRUCTURE SOCIALE,Centre équestre - nombre de carrières, manèges,0.1
INSEE,EQUIPEMENT SPORTIF LOISIR INFRASTRUCTURE SOCIALE,Centre équestre avec au moins un équipement couvert,0.1
INSEE,EQUIPEMENT SPORTIF LOISIR INFRASTRUCTURE SOCIALE,Centre équestre avec au moins un équipement éclairé,0.1
INSEE,EQUIPEMENT SPORTIF LOISIR INFRASTRUCTURE SOCIALE,Athlétisme,0.1
INSEE,EQUIPEMENT SPORTIF LOISIR INFRASTRUCTURE SOCIALE,Athlétisme - nombre d'aires de pratique,0.1
INSEE,EQUIPEMENT SPORTIF LOISIR INFRASTRUCTURE SOCIALE,Athlétisme avec au moins une aire de pratique couverte,0.1
INSEE,EQUIPEMENT SPORTIF LOISIR INFRASTRUCTURE SOCIALE,Athlétisme avec au moins une aire de pratique éclairée,0.1
INSEE,EQUIPEMENT SPORTIF LOISIR INFRASTRUCTURE SOCIALE,Terrain de golf,0.1
INSEE,EQUIPEMENT SPORTIF LOISIR INFRASTRUCTURE SOCIALE,Terrain de golf - nombre d'aires de pratique,0.1
INSEE,EQUIPEMENT SPORTIF LOISIR INFRASTRUCTURE SOCIALE,Terrain de golf avec au moins une aire de pratique couverte,0.1
INSEE,EQUIPEMENT SPORTIF LOISIR INFRASTRUCTURE SOCIALE,Terrain de golf avec au moins une aire de pratique éclairée,0.1
INSEE,EQUIPEMENT SPORTIF LOISIR INFRASTRUCTURE SOCIALE,Parcours sportif/santé,0.1
INSEE,EQUIPEMENT SPORTIF LOISIR INFRASTRUCTURE SOCIALE,Parcours sportif/santé - nombre de parcours,0.1
INSEE,EQUIPEMENT SPORTIF LOISIR INFRASTRUCTURE SOCIALE,Parcours sportif/santé avec au moins un parcours couvert,0.1
INSEE,EQUIPEMENT SPORTIF LOISIR INFRASTRUCTURE SOCIALE,Parcours sportif/santé avec au moins un parcours éclairé,0.1
INSEE,EQUIPEMENT SPORTIF LOISIR INFRASTRUCTURE SOCIALE,Sports de glace,0.1
INSEE,EQUIPEMENT SPORTIF LOISIR INFRASTRUCTURE SOCIALE,Sports de glace - nombre d'aires de pratique,0.1
INSEE,EQUIPEMENT SPORTIF LOISIR INFRASTRUCTURE SOCIALE,Sports de glace avec au moins une aire de pratique couverte,0.1
INSEE,EQUIPEMENT SPORTIF LOISIR INFRASTRUCTURE SOCIALE,Sports de glace avec au moins une aire de pratique éclairée,0.1
INSEE,EQUIPEMENT SPORTIF LOISIR INFRASTRUCTURE SOCIALE,Plateaux et terrains de jeux extérieurs,0.1
INSEE,EQUIPEMENT SPORTIF LOISIR INFRASTRUCTURE SOCIALE,Plateaux et terrains de jeux extérieurs - nombre d'aires de pratique,0.1
INSEE,EQUIPEMENT SPORTIF LOISIR INFRASTRUCTURE SOCIALE,Plateaux et terrains de jeux extérieurs avec au moins une aire de pratique couverte,0.1
INSEE,EQUIPEMENT SPORTIF LOISIR INFRASTRUCTURE SOCIALE,Plateaux et terrains de jeux extérieurs avec au moins une aire de pratique éclairée,0.1
INSEE,EQUIPEMENT SPORTIF LOISIR INFRASTRUCTURE SOCIALE,Salles spécialisées,0.1
INSEE,EQUIPEMENT SPORTIF LOISIR INFRASTRUCTURE SOCIALE,Salles spécialisées - nombre d'aires de pratique,0.1
INSEE,EQUIPEMENT SPORTIF LOISIR INFRASTRUCTURE SOCIALE,Salles spécialisées avec au moins une aire de pratique couverte,0.1
INSEE,EQUIPEMENT SPORTIF LOISIR INFRASTRUCTURE SOCIALE,Salles spécialisées avec au moins une aire de pratique éclairée,0.1
INSEE,EQUIPEMENT SPORTIF LOISIR INFRASTRUCTURE SOCIALE,Terrains de grands jeux,0.1
INSEE,EQUIPEMENT SPORTIF LOISIR INFRASTRUCTURE SOCIALE,Terrains de grands jeux - nombre de terrains,0.1
INSEE,EQUIPEMENT SPORTIF LOISIR INFRASTRUCTURE SOCIALE,Terrains de grands jeux avec au moins un terrain couvert,0.1
INSEE,EQUIPEMENT SPORTIF LOISIR INFRASTRUCTURE SOCIALE,Terrains de grands jeux avec au moins un terrain éclairé,0.1
INSEE,EQUIPEMENT SPORTIF LOISIR INFRASTRUCTURE SOCIALE,Salles de combat,0.1
INSEE,EQUIPEMENT SPORTIF LOISIR INFRASTRUCTURE SOCIALE,Salles de combat - nombre d'aires de pratique,0.1
INSEE,EQUIPEMENT SPORTIF LOISIR INFRASTRUCTURE SOCIALE,Salles de combat avec au moins une aire de pratique couverte,0.1
INSEE,EQUIPEMENT SPORTIF LOISIR INFRASTRUCTURE SOCIALE,Salles de combat avec au moins une aire de pratique éclairée,0.1
INSEE,EQUIPEMENT SPORTIF LOISIR INFRASTRUCTURE SOCIALE,Salles non spécialisées,0.1
INSEE,EQUIPEMENT SPORTIF LOISIR INFRASTRUCTURE SOCIALE,Salles non spécialisées - nombre d'équipements où s'exerce au moins une activité physique et/ou sportive,0.1
INSEE,EQUIPEMENT SPORTIF LOISIR INFRASTRUCTURE SOCIALE,Salles non spécialisées avec au moins un équipement couvert,0.1
INSEE,EQUIPEMENT SPORTIF LOISIR INFRASTRUCTURE SOCIALE,Salles non spécialisées avec au moins un équipement éclairé,0.1
INSEE,EQUIPEMENT SPORTIF LOISIR INFRASTRUCTURE SOCIALE,Roller-Skate-Vélo bicross ou freestyle,0.1
INSEE,EQUIPEMENT SPORTIF LOISIR INFRASTRUCTURE SOCIALE,Roller-Skate-Vélo bicross ou freestyle - nombre de pistes,0.1
INSEE,EQUIPEMENT SPORTIF LOISIR INFRASTRUCTURE SOCIALE,Roller-Skate-Vélo bicross ou freestyle avec au moins un équipement couvert,0.1
INSEE,EQUIPEMENT SPORTIF LOISIR INFRASTRUCTURE SOCIALE,Roller-Skate-Vélo bicross ou freestyle avec au moins un équipement éclairé,0.1
INSEE,EQUIPEMENT SPORTIF LOISIR INFRASTRUCTURE SOCIALE,Sports nautiques,0.1
INSEE,EQUIPEMENT SPORTIF LOISIR INFRASTRUCTURE SOCIALE,Sports nautiques - nombre d'aires de pratique,0.1
INSEE,EQUIPEMENT SPORTIF LOISIR INFRASTRUCTURE SOCIALE,Sports nautiques avec au moins une aire de pratique couverte,0.1
INSEE,EQUIPEMENT SPORTIF LOISIR INFRASTRUCTURE SOCIALE,Sports nautiques avec au moins une aire de pratique éclairée,0.1
INSEE,EQUIPEMENT SPORTIF LOISIR INFRASTRUCTURE SOCIALE,Bowling,0.1
INSEE,EQUIPEMENT SPORTIF LOISIR INFRASTRUCTURE SOCIALE,Bowling - nombre d'aires de jeu,0.1
INSEE,EQUIPEMENT SPORTIF LOISIR INFRASTRUCTURE SOCIALE,Bowling avec au moins une aire de jeu couverte,0.1
INSEE,EQUIPEMENT SPORTIF LOISIR INFRASTRUCTURE SOCIALE,Bowling avec au moins une aire de jeu éclairée,0.1
INSEE,EQUIPEMENT SPORTIF LOISIR INFRASTRUCTURE SOCIALE,Salles de remise en forme,0.1
INSEE,EQUIPEMENT SPORTIF LOISIR INFRASTRUCTURE SOCIALE,Salles de remise en forme - nombre d'aires de pratique,0.1
INSEE,EQUIPEMENT SPORTIF LOISIR INFRASTRUCTURE SOCIALE,Salles de remise en forme avec au moins une aire de pratique couverte,0.1
INSEE,EQUIPEMENT SPORTIF LOISIR INFRASTRUCTURE SOCIALE,Salles de remise en forme avec au moins une aire de pratique éclairée,0.1
INSEE,EQUIPEMENT SPORTIF LOISIR INFRASTRUCTURE SOCIALE,Salles multisports (gymnase),0.1
INSEE,EQUIPEMENT SPORTIF LOISIR INFRASTRUCTURE SOCIALE,Salles multisports (gymnase) - nombre d'aires de pratique,0.1
INSEE,EQUIPEMENT SPORTIF LOISIR INFRASTRUCTURE SOCIALE,Salles multisports (gymnase) avec au moins une aire de pratique couverte,0.1
INSEE,EQUIPEMENT SPORTIF LOISIR INFRASTRUCTURE SOCIALE,Salles multisports (gymnase) avec au moins une aire de pratique éclairée,0.1
INSEE,EQUIPEMENT SPORTIF LOISIR INFRASTRUCTURE SOCIALE,Baignade aménagée,0.1
INSEE,EQUIPEMENT SPORTIF LOISIR INFRASTRUCTURE SOCIALE,Baignade aménagée - nombre d'aires de pratique,0.1
INSEE,EQUIPEMENT SPORTIF LOISIR INFRASTRUCTURE SOCIALE,Port de plaisance - Mouillage,0.1
INSEE,EQUIPEMENT SPORTIF LOISIR INFRASTRUCTURE SOCIALE,Port de plaisance - Mouillage - nombre de ports, de zones,0.1
INSEE,EQUIPEMENT SPORTIF LOISIR INFRASTRUCTURE SOCIALE,Boucle de randonnée,0.1
INSEE,EQUIPEMENT SPORTIF LOISIR INFRASTRUCTURE SOCIALE,Boucle de randonnée - nombre de circuits,0.1
INSEE,EQUIPEMENT SPORTIF LOISIR INFRASTRUCTURE SOCIALE,Théâtre,0.1
INSEE,EQUIPEMENT SPORTIF LOISIR INFRASTRUCTURE SOCIALE,Nombre de salles dans le théâtre,0.1
INSEE,EQUIPEMENT SPORTIF LOISIR INFRASTRUCTURE SOCIALE,Cinéma,0.1
INSEE,EQUIPEMENT SPORTIF LOISIR INFRASTRUCTURE SOCIALE,Nombre de salles dans le cinéma,0.1
INSEE,EQUIPEMENT SPORTIF LOISIR INFRASTRUCTURE SOCIALE,Musée,0.1
INSEE,EQUIPEMENT SPORTIF LOISIR INFRASTRUCTURE SOCIALE,Conservatoire,0.1
INSEE,EQUIPEMENT SERVICE ENSEIGNEMENT PREMIER DEGRE INFRASTRUCTURE,,0.1
INSEE,EQUIPEMENT SERVICE ENSEIGNEMENT PREMIER DEGRE INFRASTRUCTURE,École maternelle,0.1
INSEE,EQUIPEMENT SERVICE ENSEIGNEMENT PREMIER DEGRE INFRASTRUCTURE,École maternelle avec cantine,0.1
INSEE,EQUIPEMENT SERVICE ENSEIGNEMENT PREMIER DEGRE INFRASTRUCTURE,École maternelle appartenant à un EP,0.1
INSEE,EQUIPEMENT SERVICE ENSEIGNEMENT PREMIER DEGRE INFRASTRUCTURE,École maternelle en RPIC,0.1
INSEE,EQUIPEMENT SERVICE ENSEIGNEMENT PREMIER DEGRE INFRASTRUCTURE,École maternelle de RPI dispersé,0.1
INSEE,EQUIPEMENT SERVICE ENSEIGNEMENT PREMIER DEGRE INFRASTRUCTURE,École maternelle de RPI dispersé avec cantine,0.1
INSEE,EQUIPEMENT SERVICE ENSEIGNEMENT PREMIER DEGRE INFRASTRUCTURE,École maternelle en RPIC appartenant à un EP,0.1
INSEE,EQUIPEMENT SERVICE ENSEIGNEMENT PREMIER DEGRE INFRASTRUCTURE,École élémentaire,0.1
INSEE,EQUIPEMENT SERVICE ENSEIGNEMENT PREMIER DEGRE INFRASTRUCTURE,École élémentaire avec cantine,0.1
INSEE,EQUIPEMENT SERVICE ENSEIGNEMENT PREMIER DEGRE INFRASTRUCTURE,École élémentaire avec classe pré-élémentaire,0.1
INSEE,EQUIPEMENT SERVICE ENSEIGNEMENT PREMIER DEGRE INFRASTRUCTURE,École élémentaire appartenant à un EP,0.1
INSEE,EQUIPEMENT SERVICE ENSEIGNEMENT PREMIER DEGRE INFRASTRUCTURE,École élémentaire en RPIC,0.1
INSEE,EQUIPEMENT SERVICE ENSEIGNEMENT PREMIER DEGRE INFRASTRUCTURE,Classe élémentaire de RPI dispersé,0.1
INSEE,EQUIPEMENT SERVICE ENSEIGNEMENT PREMIER DEGRE INFRASTRUCTURE,Classe élémentaire de RPI dispersé avec cantine,0.1
INSEE,EQUIPEMENT SERVICE ENSEIGNEMENT PREMIER DEGRE INFRASTRUCTURE,Classe élémentaire de RPI dispersé avec classe pré-élémentaire,0.1
INSEE,EQUIPEMENT SERVICE ENSEIGNEMENT PREMIER DEGRE INFRASTRUCTURE,Classe élémentaire de RPI dispersé appartenant à un EP,0.1
INSEE,EQUIPEMENT SERVICE ENSEIGNEMENT SECOND DEGRE INFRASTRUCTURE,,0.1
INSEE,EQUIPEMENT SERVICE ENSEIGNEMENT SECOND DEGRE INFRASTRUCTURE,Collège,0.1
INSEE,EQUIPEMENT SERVICE ENSEIGNEMENT SECOND DEGRE INFRASTRUCTURE,Collège avec cantine,0.1
INSEE,EQUIPEMENT SERVICE ENSEIGNEMENT SECOND DEGRE INFRASTRUCTURE,Collège appartenant à un EP,0.1
INSEE,EQUIPEMENT SERVICE ENSEIGNEMENT SECOND DEGRE INFRASTRUCTURE,Collège avec internat,0.1
INSEE,EQUIPEMENT SERVICE ENSEIGNEMENT SECOND DEGRE INFRASTRUCTURE,Lycée d'enseignement général et/ou technologique,0.1
INSEE,EQUIPEMENT SERVICE ENSEIGNEMENT SECOND DEGRE INFRASTRUCTURE,Lycée d'enseignement général et/ou technologique avec cantine,0.1
INSEE,EQUIPEMENT SERVICE ENSEIGNEMENT SECOND DEGRE INFRASTRUCTURE,Lycée d'enseignement général et/ou technologique avec prépa grandes écoles,0.1
INSEE,EQUIPEMENT SERVICE ENSEIGNEMENT SECOND DEGRE INFRASTRUCTURE,Lycée d'enseignement général et/ou technologique appartenant à un EP,0.1
INSEE,EQUIPEMENT SERVICE ENSEIGNEMENT SECOND DEGRE INFRASTRUCTURE,Lycée d'enseignement général et/ou technologique avec internat,0.1
INSEE,EQUIPEMENT SERVICE ENSEIGNEMENT SECOND DEGRE INFRASTRUCTURE,Lycée d'enseignement professionnel,0.1
INSEE,EQUIPEMENT SERVICE ENSEIGNEMENT SECOND DEGRE INFRASTRUCTURE,Lycée d'enseignement professionnel avec cantine,0.1
INSEE,EQUIPEMENT SERVICE ENSEIGNEMENT SECOND DEGRE INFRASTRUCTURE,Lycée d'enseignement professionnel avec prépa grandes écoles,0.1
INSEE,EQUIPEMENT SERVICE ENSEIGNEMENT SECOND DEGRE INFRASTRUCTURE,Lycée d'enseignement professionnel appartenant à un EP,0.1
INSEE,EQUIPEMENT SERVICE ENSEIGNEMENT SECOND DEGRE INFRASTRUCTURE,Lycée d'enseignement professionnel avec internat,0.1
INSEE,EQUIPEMENT SERVICE ENSEIGNEMENT SECOND DEGRE INFRASTRUCTURE,Lycée technique ou/et professionnel agricole,0.1
INSEE,EQUIPEMENT SERVICE ENSEIGNEMENT SECOND DEGRE INFRASTRUCTURE,Lycée technique ou/et professionnel agricole avec prépa grandes écoles,0.1
INSEE,EQUIPEMENT SERVICE ENSEIGNEMENT SECOND DEGRE INFRASTRUCTURE,Lycée technique ou/et professionnel agricole avec internat,0.1
INSEE,EQUIPEMENT SERVICE ENSEIGNEMENT SECOND DEGRE INFRASTRUCTURE,SGT : Section d'enseignement général et technologique,0.1
INSEE,EQUIPEMENT SERVICE ENSEIGNEMENT SECOND DEGRE INFRASTRUCTURE,SGT : Section d'enseignement général et technologique avec cantine,0.1
INSEE,EQUIPEMENT SERVICE ENSEIGNEMENT SECOND DEGRE INFRASTRUCTURE,SGT : Section d'enseignement général et technologique avec internat,0.1
INSEE,EQUIPEMENT SERVICE ENSEIGNEMENT SECOND DEGRE INFRASTRUCTURE,SEP : section d'enseignement professionnel,0.1
INSEE,EQUIPEMENT SERVICE ENSEIGNEMENT SECOND DEGRE INFRASTRUCTURE,SEP : section d'enseignement professionnel avec cantine,0.1
INSEE,EQUIPEMENT SERVICE ENSEIGNEMENT SECOND DEGRE INFRASTRUCTURE,SEP : section d'enseignement professionnel avec internat,0.1
INSEE,EQUIPEMENT SERVICE ENSEIGNEMENT SUPERIEUR INFRASTRUCTURE,,0.1
INSEE,EQUIPEMENT SERVICE ENSEIGNEMENT SUPERIEUR INFRASTRUCTURE,Section Technicien Supérieur, Classe Prépa Grandes Ecoles,0.1
INSEE,EQUIPEMENT SERVICE ENSEIGNEMENT SUPERIEUR INFRASTRUCTURE,Formation santé,0.1
INSEE,EQUIPEMENT SERVICE ENSEIGNEMENT SUPERIEUR INFRASTRUCTURE,Formation commerce,0.1
INSEE,EQUIPEMENT SERVICE ENSEIGNEMENT SUPERIEUR INFRASTRUCTURE,Autre formation post bac non universitaire,0.1
INSEE,EQUIPEMENT SERVICE ENSEIGNEMENT SUPERIEUR INFRASTRUCTURE,Unité de Formation et de Recherche,0.1
INSEE,EQUIPEMENT SERVICE ENSEIGNEMENT SUPERIEUR INFRASTRUCTURE,Institut universitaire,0.1
INSEE,EQUIPEMENT SERVICE ENSEIGNEMENT SUPERIEUR INFRASTRUCTURE,Ecole d'ingénieurs,0.1
INSEE,EQUIPEMENT SERVICE ENSEIGNEMENT SUPERIEUR INFRASTRUCTURE,Enseignement général supérieur privé,0.1
INSEE,EQUIPEMENT SERVICE ENSEIGNEMENT SUPERIEUR INFRASTRUCTURE,Ecole d'enseignement supérieur agricole,0.1
INSEE,EQUIPEMENT SERVICE ENSEIGNEMENT SUPERIEUR INFRASTRUCTURE,Ecole d'enseignement supérieur agricole avec internat,0.1
INSEE,EQUIPEMENT SERVICE ENSEIGNEMENT SUPERIEUR INFRASTRUCTURE,Autre enseignement supérieur,0.1
INSEE,EQUIPEMENT SERVICE ENSEIGNEMENT SUPERIEUR INFRASTRUCTURE,Centre de formation d'apprentis hors agriculture,0.1
INSEE,EQUIPEMENT SERVICE ENSEIGNEMENT SUPERIEUR INFRASTRUCTURE,GRETA,0.1
INSEE,EQUIPEMENT SERVICE ENSEIGNEMENT SUPERIEUR INFRASTRUCTURE,Centre dispensant de la formation continue agricole,0.1
INSEE,EQUIPEMENT SERVICE ENSEIGNEMENT SUPERIEUR INFRASTRUCTURE,Formation aux métiers du sport,0.1
INSEE,EQUIPEMENT SERVICE ENSEIGNEMENT SUPERIEUR INFRASTRUCTURE,Centre dispensant des formations d'apprentissage agricole,0.1
INSEE,EQUIPEMENT SERVICE ENSEIGNEMENT SUPERIEUR INFRASTRUCTURE,Centre dispensant des formations d'apprentissage agricole avec internat,0.1
INSEE,EQUIPEMENT SERVICE ENSEIGNEMENT SUPERIEUR INFRASTRUCTURE,Autre formation continue,0.1
INSEE,EQUIPEMENT SERVICE ENSEIGNEMENT SUPERIEUR INFRASTRUCTURE,Résidence universitaire,0.1
INSEE,EQUIPEMENT SERVICE ENSEIGNEMENT SUPERIEUR INFRASTRUCTURE,Restaurant universitaire,0.1
INSEE,REVENU MENAGE,,0.1
INSEE,REVENU MENAGE,Nb de ménages fiscaux,0.1
INSEE,REVENU MENAGE,1er quartile (€),0.1
INSEE,REVENU MENAGE,Médiane (€),0.1
INSEE,REVENU MENAGE,3ème quartile (€),0.1
INSEE,REVENU MENAGE,Écart interquartile (€),0.1
INSEE,REVENU MENAGE,1er décile (€),0.1
INSEE,REVENU MENAGE,2ème décile (€),0.1
INSEE,REVENU MENAGE,3ème décile (€),0.1
INSEE,REVENU MENAGE,4ème décile (€),0.1
INSEE,REVENU MENAGE,6ème décile (€),0.1
INSEE,REVENU MENAGE,7ème décile (€),0.1
INSEE,REVENU MENAGE,8ème décile (€),0.1
INSEE,REVENU MENAGE,9ème décile (€),0.1
INSEE,REVENU MENAGE,Rapport interdécile,0.1
INSEE,REVENU MENAGE,Ecart-type (€),0.1
INSEE,REVENU PERSONNE,,0.1
INSEE,REVENU PERSONNE,Nb de personnes des ménages fiscaux,0.1
INSEE,REVENU PERSONNE,1er quartile (€),0.1
INSEE,REVENU PERSONNE,Médiane (€),0.1
INSEE,REVENU PERSONNE,3ème quartile (€),0.1
INSEE,REVENU PERSONNE,Écart interquartile (€),0.1
INSEE,REVENU PERSONNE,1er décile (€),0.1
INSEE,REVENU PERSONNE,2ème décile (€),0.1
INSEE,REVENU PERSONNE,3ème décile (€),0.1
INSEE,REVENU PERSONNE,4ème décile (€),0.1
INSEE,REVENU PERSONNE,6ème décile (€),0.1
INSEE,REVENU PERSONNE,7ème décile (€),0.1
INSEE,REVENU PERSONNE,8ème décile (€),0.1
INSEE,REVENU PERSONNE,9ème décile (€),0.1
INSEE,REVENU PERSONNE,Rapport interdécile,0.1
INSEE,REVENU PERSONNE,Ecart-type (€),0.1
INSEE,REVENU PAR UNITE DE CONSOMMATION,,0.1
INSEE,REVENU PAR UNITE DE CONSOMMATION,Nombre d'UC,0.1
INSEE,REVENU PAR UNITE DE CONSOMMATION,1er quartile (€),0.1
INSEE,REVENU PAR UNITE DE CONSOMMATION,Médiane (€),0.1
INSEE,REVENU PAR UNITE DE CONSOMMATION,3ème quartile (€),0.1
INSEE,REVENU PAR UNITE DE CONSOMMATION,Écart interquartile (€),0.1
INSEE,REVENU PAR UNITE DE CONSOMMATION,1er décile (€),0.1
INSEE,REVENU PAR UNITE DE CONSOMMATION,2ème décile (€),0.1
INSEE,REVENU PAR UNITE DE CONSOMMATION,3ème décile (€),0.1
INSEE,REVENU PAR UNITE DE CONSOMMATION,4ème décile (€),0.1
INSEE,REVENU PAR UNITE DE CONSOMMATION,6ème décile (€),0.1
INSEE,REVENU PAR UNITE DE CONSOMMATION,7ème décile (€),0.1
INSEE,REVENU PAR UNITE DE CONSOMMATION,8ème décile (€),0.1
INSEE,REVENU PAR UNITE DE CONSOMMATION,9ème décile (€),0.1
INSEE,REVENU PAR UNITE DE CONSOMMATION,Rapport interdécile,0.1
INSEE,REVENU PAR UNITE DE CONSOMMATION,Ecart-type (€),0.1
INSEE,REVENU PAR UNITE DE CONSOMMATION,Indice de Gini,0.1
INSEE,REVENU IMPOSITION,,0.1
INSEE,REVENU IMPOSITION,Part des ménages imposés (%),0.1
INSEE,REVENU IMPOSITION,Part des traitements/ salaires (%),0.1
INSEE,REVENU IMPOSITION,dont indemnités de chômage (%),0.1
INSEE,REVENU IMPOSITION,Part des pensions/retraites/rentes (%),0.1
INSEE,REVENU IMPOSITION,Part des bénéfices (%),0.1
INSEE,REVENU IMPOSITION,Part des autres revenus (%),0.1
INSEE,EQUIPEMENT SERVICE ACTION SOCIALE INFRASTRUCTURE,,0.1
INSEE,EQUIPEMENT SERVICE ACTION SOCIALE INFRASTRUCTURE,Personnes âgées : hébergement,0.1
INSEE,EQUIPEMENT SERVICE ACTION SOCIALE INFRASTRUCTURE,Personnes âgées : soins à domicile,0.1
INSEE,EQUIPEMENT SERVICE ACTION SOCIALE INFRASTRUCTURE,Personnes âgées : services d'aide,0.1
INSEE,EQUIPEMENT SERVICE ACTION SOCIALE INFRASTRUCTURE,Personnes âgées : foyer restaurant,0.1
INSEE,EQUIPEMENT SERVICE ACTION SOCIALE INFRASTRUCTURE,Personnes âgées : services de repas à domicile,0.1
INSEE,EQUIPEMENT SERVICE ACTION SOCIALE INFRASTRUCTURE,Garde d'enfant d'âge préscolaire,0.1
INSEE,EQUIPEMENT SERVICE ACTION SOCIALE INFRASTRUCTURE,Enfants handicapés : hébergement,0.1
INSEE,EQUIPEMENT SERVICE ACTION SOCIALE INFRASTRUCTURE,Enfants handicapés : services à domicile ou ambulatoires,0.1
INSEE,EQUIPEMENT SERVICE ACTION SOCIALE INFRASTRUCTURE,Adultes handicapés : hébergement,0.1
INSEE,EQUIPEMENT SERVICE ACTION SOCIALE INFRASTRUCTURE,Adultes handicapés : services,0.1
INSEE,EQUIPEMENT SERVICE ACTION SOCIALE INFRASTRUCTURE,Travail protégé,0.1
INSEE,EQUIPEMENT SERVICE ACTION SOCIALE INFRASTRUCTURE,Aide sociale à l'enfance : hébergement,0.1
INSEE,EQUIPEMENT SERVICE ACTION SOCIALE INFRASTRUCTURE,Aide sociale à l'enfance : action éducative,0.1
INSEE,EQUIPEMENT SERVICE ACTION SOCIALE INFRASTRUCTURE,CHRS : centre d'hébergement et de réadaptation sociale,0.1
INSEE,EQUIPEMENT SERVICE ACTION SOCIALE INFRASTRUCTURE,Centre provisoire d'hébergement,0.1
INSEE,EQUIPEMENT SERVICE ACTION SOCIALE INFRASTRUCTURE,Centre accueil demandeur d'asile,0.1
INSEE,EQUIPEMENT SERVICE ACTION SOCIALE INFRASTRUCTURE,Autres établissements pour adultes et familles en difficulté,0.1
INSEE,EQUIPEMENT SERVICE SANTE INFRASTRUCTURE,,0.1
INSEE,EQUIPEMENT SERVICE SANTE INFRASTRUCTURE,Etablissement santé court séjour,0.1
INSEE,EQUIPEMENT SERVICE SANTE INFRASTRUCTURE,Etablissement santé moyen séjour,0.1
INSEE,EQUIPEMENT SERVICE SANTE INFRASTRUCTURE,Etablissement santé long séjour,0.1
INSEE,EQUIPEMENT SERVICE SANTE INFRASTRUCTURE,Etablissement psychiatrique,0.1
INSEE,EQUIPEMENT SERVICE SANTE INFRASTRUCTURE,Centre lutte cancer,0.1
INSEE,EQUIPEMENT SERVICE SANTE INFRASTRUCTURE,Urgences,0.1
INSEE,EQUIPEMENT SERVICE SANTE INFRASTRUCTURE,Maternité,0.1
INSEE,EQUIPEMENT SERVICE SANTE INFRASTRUCTURE,Centre de santé,0.1
INSEE,EQUIPEMENT SERVICE SANTE INFRASTRUCTURE,Structures psychiatriques en ambulatoire,0.1
INSEE,EQUIPEMENT SERVICE SANTE INFRASTRUCTURE,Centre médecine préventive,0.1
INSEE,EQUIPEMENT SERVICE SANTE INFRASTRUCTURE,Dialyse,0.1
INSEE,EQUIPEMENT SERVICE SANTE INFRASTRUCTURE,Hospitalisation à domicile,0.1
INSEE,EQUIPEMENT SERVICE SANTE INFRASTRUCTURE,Maison de santé pluridisciplinaires,0.1
INSEE,EQUIPEMENT SERVICE SANTE INFRASTRUCTURE,Pharmacie,0.1
INSEE,EQUIPEMENT SERVICE SANTE INFRASTRUCTURE,Laboratoire d'analyses et de biologie médicales,0.1
INSEE,EQUIPEMENT SERVICE SANTE INFRASTRUCTURE,Ambulance,0.1
INSEE,EQUIPEMENT SERVICE SANTE INFRASTRUCTURE,Transfusion sanguine,0.1
INSEE,EQUIPEMENT SERVICE SANTE INFRASTRUCTURE,Établissement thermal,0.1
INSEE,EQUIPEMENT SERVICE PARA MEDICAL INFRASTRUCTURE,,0.1
INSEE,EQUIPEMENT SERVICE PARA MEDICAL INFRASTRUCTURE,Médecin omnipraticien,0.1
INSEE,EQUIPEMENT SERVICE PARA MEDICAL INFRASTRUCTURE,Spécialiste en cardiologie,0.1
INSEE,EQUIPEMENT SERVICE PARA MEDICAL INFRASTRUCTURE,Spécialiste en dermatologie vénéréologie,0.1
INSEE,EQUIPEMENT SERVICE PARA MEDICAL INFRASTRUCTURE,Spécialiste en gynécologie médicale,0.1
INSEE,EQUIPEMENT SERVICE PARA MEDICAL INFRASTRUCTURE,Spécialiste en gynécologie obstétrique,0.1
INSEE,EQUIPEMENT SERVICE PARA MEDICAL INFRASTRUCTURE,Spécialiste en gastro-entérologie hépatologie,0.1
INSEE,EQUIPEMENT SERVICE PARA MEDICAL INFRASTRUCTURE,Spécialiste en psychiatrie,0.1
INSEE,EQUIPEMENT SERVICE PARA MEDICAL INFRASTRUCTURE,Spécialiste en ophtalmologie,0.1
INSEE,EQUIPEMENT SERVICE PARA MEDICAL INFRASTRUCTURE,Spécialiste en oto-rhino-laryngologie,0.1
INSEE,EQUIPEMENT SERVICE PARA MEDICAL INFRASTRUCTURE,Spécialiste en pédiatrie,0.1
INSEE,EQUIPEMENT SERVICE PARA MEDICAL INFRASTRUCTURE,Spécialiste en pneumologie,0.1
INSEE,EQUIPEMENT SERVICE PARA MEDICAL INFRASTRUCTURE,Spécialiste en radiodiagnostic et imagerie médicale,0.1
INSEE,EQUIPEMENT SERVICE PARA MEDICAL INFRASTRUCTURE,Spécialiste en stomatologie,0.1
INSEE,EQUIPEMENT SERVICE PARA MEDICAL INFRASTRUCTURE,Chirurgien dentiste,0.1
INSEE,EQUIPEMENT SERVICE PARA MEDICAL INFRASTRUCTURE,Sage-femme,0.1
INSEE,EQUIPEMENT SERVICE PARA MEDICAL INFRASTRUCTURE,Infirmier,0.1
INSEE,EQUIPEMENT SERVICE PARA MEDICAL INFRASTRUCTURE,Masseur kinésithérapeute,0.1
INSEE,EQUIPEMENT SERVICE PARA MEDICAL INFRASTRUCTURE,Orthophoniste,0.1
INSEE,EQUIPEMENT SERVICE PARA MEDICAL INFRASTRUCTURE,Orthoptiste,0.1
INSEE,EQUIPEMENT SERVICE PARA MEDICAL INFRASTRUCTURE,Pédicure-podologue,0.1
INSEE,EQUIPEMENT SERVICE PARA MEDICAL INFRASTRUCTURE,Audio prothésiste,0.1
INSEE,EQUIPEMENT SERVICE PARA MEDICAL INFRASTRUCTURE,Ergothérapeute,0.1
INSEE,EQUIPEMENT SERVICE PARA MEDICAL INFRASTRUCTURE,Psychomotricien,0.1
INSEE,EQUIPEMENT SERVICE PARTICULIER INFRASTRUCTURE,,0.1
INSEE,EQUIPEMENT SERVICE PARTICULIER INFRASTRUCTURE,Police,0.1
INSEE,EQUIPEMENT SERVICE PARTICULIER INFRASTRUCTURE,Gendarmerie,0.1
INSEE,EQUIPEMENT SERVICE PARTICULIER INFRASTRUCTURE,Cour d'appel,0.1
INSEE,EQUIPEMENT SERVICE PARTICULIER INFRASTRUCTURE,Tribunal de grande instance,0.1
INSEE,EQUIPEMENT SERVICE PARTICULIER INFRASTRUCTURE,Tribunal d'instance,0.1
INSEE,EQUIPEMENT SERVICE PARTICULIER INFRASTRUCTURE,Conseil des prud'hommes,0.1
INSEE,EQUIPEMENT SERVICE PARTICULIER INFRASTRUCTURE,Tribunal de commerce,0.1
INSEE,EQUIPEMENT SERVICE PARTICULIER INFRASTRUCTURE,Réseau spécialisé pôle emploi,0.1
INSEE,EQUIPEMENT SERVICE PARTICULIER INFRASTRUCTURE,DGFiP,0.1
INSEE,EQUIPEMENT SERVICE PARTICULIER INFRASTRUCTURE,DRFiP,0.1
INSEE,EQUIPEMENT SERVICE PARTICULIER INFRASTRUCTURE,DDFiP,0.1
INSEE,EQUIPEMENT SERVICE PARTICULIER INFRASTRUCTURE,Réseau de proximité pôle emploi,0.1
INSEE,EQUIPEMENT SERVICE PARTICULIER INFRASTRUCTURE,Réseau partenarial pôle emploi,0.1
INSEE,EQUIPEMENT SERVICE PARTICULIER INFRASTRUCTURE,Maison de justice et du droit,0.1
INSEE,EQUIPEMENT SERVICE PARTICULIER INFRASTRUCTURE,Antenne de justice,0.1
INSEE,EQUIPEMENT SERVICE PARTICULIER INFRASTRUCTURE,Banques, caisses d'épargne,0.1
INSEE,EQUIPEMENT SERVICE PARTICULIER INFRASTRUCTURE,Pompes funèbres,0.1
INSEE,EQUIPEMENT SERVICE PARTICULIER INFRASTRUCTURE,Bureau de poste,0.1
INSEE,EQUIPEMENT SERVICE PARTICULIER INFRASTRUCTURE,Relais poste,0.1
INSEE,EQUIPEMENT SERVICE PARTICULIER INFRASTRUCTURE,Agence postale,0.1
INSEE,EQUIPEMENT SERVICE PARTICULIER INFRASTRUCTURE,Réparation auto et de matériel agricole,0.1
INSEE,EQUIPEMENT SERVICE PARTICULIER INFRASTRUCTURE,Contrôle technique auto,0.1
INSEE,EQUIPEMENT SERVICE PARTICULIER INFRASTRUCTURE,Location auto-utilitaires légers,0.1
INSEE,EQUIPEMENT SERVICE PARTICULIER INFRASTRUCTURE,École de conduite,0.1
INSEE,EQUIPEMENT SERVICE PARTICULIER INFRASTRUCTURE,Maçon,0.1
INSEE,EQUIPEMENT SERVICE PARTICULIER INFRASTRUCTURE,Plâtrier, peintre,0.1
INSEE,EQUIPEMENT SERVICE PARTICULIER INFRASTRUCTURE,Menuisier, charpentier, serrurier,0.1
INSEE,EQUIPEMENT SERVICE PARTICULIER INFRASTRUCTURE,Plombier, couvreur, chauffagiste,0.1
INSEE,EQUIPEMENT SERVICE PARTICULIER INFRASTRUCTURE,Électricien,0.1
INSEE,EQUIPEMENT SERVICE PARTICULIER INFRASTRUCTURE,Entreprise générale du bâtiment,0.1
INSEE,EQUIPEMENT SERVICE PARTICULIER INFRASTRUCTURE,Coiffure,0.1
INSEE,EQUIPEMENT SERVICE PARTICULIER INFRASTRUCTURE,Vétérinaire,0.1
INSEE,EQUIPEMENT SERVICE PARTICULIER INFRASTRUCTURE,Agence de travail temporaire,0.1
INSEE,EQUIPEMENT SERVICE PARTICULIER INFRASTRUCTURE,Restaurant,0.1
INSEE,EQUIPEMENT SERVICE PARTICULIER INFRASTRUCTURE,Agence immobilière,0.1
INSEE,EQUIPEMENT SERVICE PARTICULIER INFRASTRUCTURE,Blanchisserie teinturerie,0.1
INSEE,EQUIPEMENT SERVICE PARTICULIER INFRASTRUCTURE,Soins de beauté,0.1
INSEE,EQUIPEMENT TRANSPORT TOURISME INFRASTRUCTURE,,0.1
INSEE,EQUIPEMENT TRANSPORT TOURISME INFRASTRUCTURE,Taxi,0.1
INSEE,EQUIPEMENT TRANSPORT TOURISME INFRASTRUCTURE,Aéroport,0.1
INSEE,EQUIPEMENT TRANSPORT TOURISME INFRASTRUCTURE,Gare avec desserte train à grande vitesse (TAGV),0.1
INSEE,EQUIPEMENT TRANSPORT TOURISME INFRASTRUCTURE,Gare sans desserte train à grande vitesse (TAGV),0.1
INSEE,EQUIPEMENT TRANSPORT TOURISME INFRASTRUCTURE,Agence de voyage,0.1
INSEE,EQUIPEMENT TRANSPORT TOURISME INFRASTRUCTURE,Hôtel homologué,0.1
INSEE,EQUIPEMENT TRANSPORT TOURISME INFRASTRUCTURE,Camping homologué,0.1
INSEE,EQUIPEMENT TRANSPORT TOURISME INFRASTRUCTURE,Information Touristique,0.1
INSEE,BASE IC LOGEMENT,,0.1
INSEE,BASE IC LOGEMENT,IRIS,0.1
INSEE,BASE IC LOGEMENT,Unité urbaine,0.1
INSEE,BASE IC LOGEMENT,Commune ou ARM,0.1
INSEE,BASE IC LOGEMENT,TRIRIS,0.1
INSEE,BASE IC LOGEMENT,Grand quartier,0.1
INSEE,BASE IC LOGEMENT,Libellé de l'IRIS,0.1
INSEE,BASE IC LOGEMENT,Type d'IRIS,0.1
INSEE,BASE IC LOGEMENT,Modification de l'IRIS,0.1
INSEE,BASE IC LOGEMENT,Label de l'IRIS en 2011,0.1
INSEE,BASE IC LOGEMENT,Logements en 2011 (princ),0.1
INSEE,BASE IC LOGEMENT,Résidences principales en 2011 (princ),0.1
INSEE,BASE IC LOGEMENT,Rés secondaires et logts occasionnels en 2011 (princ),0.1
INSEE,BASE IC LOGEMENT,Logements vacants en 2011 (princ),0.1
INSEE,BASE IC LOGEMENT,Maisons en 2011 (princ),0.1
INSEE,BASE IC LOGEMENT,Appartements en 2011 (princ),0.1
INSEE,BASE IC LOGEMENT,Rés princ 1 pièce en 2011 (princ),0.1
INSEE,BASE IC LOGEMENT,Rés princ 2 pièces en 2011 (princ),0.1
INSEE,BASE IC LOGEMENT,Rés princ 3 pièces en 2011 (princ),0.1
INSEE,BASE IC LOGEMENT,Rés princ 4 pièces en 2011 (princ),0.1
INSEE,BASE IC LOGEMENT,Rés princ 5 pièces ou plus en 2011 (princ),0.1
INSEE,BASE IC LOGEMENT,Pièces rés princ en 2011 (princ),0.1
INSEE,BASE IC LOGEMENT,Rés princ type maison en 2011 (princ),0.1
INSEE,BASE IC LOGEMENT,Pièces rés princ type maison en 2011 (princ),0.1
INSEE,BASE IC LOGEMENT,Rés princ type appartement en 2011 (princ),0.1
INSEE,BASE IC LOGEMENT,Pièces rés princ type appartement en 2011 (princ),0.1
INSEE,BASE IC LOGEMENT,Rés princ de moins de 40 m2 en 2011 (princ),0.1
INSEE,BASE IC LOGEMENT,Rés princ de 40 à 99 m2 en 2011 (princ),0.1
INSEE,BASE IC LOGEMENT,Rés princ de 100 m2 ou plus en 2011 (princ),0.1
INSEE,BASE IC LOGEMENT,Rés princ avt 2009 en 2011 (princ),0.1
INSEE,BASE IC LOGEMENT,Rés princ avt 1946 en 2011 (princ),0.1
INSEE,BASE IC LOGEMENT,Rés princ 1946 à 1990 en 2011 (princ),0.1
INSEE,BASE IC LOGEMENT,Rés princ 1991 à 2008 en 2011 (princ),0.1
INSEE,BASE IC LOGEMENT,Rés princ Type maison avt 2009 en 2011 (princ),0.1
INSEE,BASE IC LOGEMENT,Rés princ Type maison avt 1946 en 2011 (princ),0.1
INSEE,BASE IC LOGEMENT,Rés princ Type maison 1946 à 1990 en 2011 (princ),0.1
INSEE,BASE IC LOGEMENT,Rés princ Type maison 1991 à 2008 en 2011 (princ),0.1
INSEE,BASE IC LOGEMENT,Rés princ Type appart avt 2009 en 2011 (princ),0.1
INSEE,BASE IC LOGEMENT,Rés princ Type appart avt 1946 en 2011 (princ),0.1
INSEE,BASE IC LOGEMENT,Rés princ Type appart 1946 à 1990 en 2011 (princ),0.1
INSEE,BASE IC LOGEMENT,Rés princ Type appart 1991 à 2008 en 2011 (princ),0.1
INSEE,BASE IC LOGEMENT,Ménages en 2011 (princ),0.1
INSEE,BASE IC LOGEMENT,Ménages emménagés moins 2 ans en 2011 (princ),0.1
INSEE,BASE IC LOGEMENT,Ménages emménagés entre 2-4 ans en 2011 (princ),0.1
INSEE,BASE IC LOGEMENT,Ménages emménagés entre 5-9 ans en 2011 (princ),0.1
INSEE,BASE IC LOGEMENT,Ménages emménagés depuis 10 ans ou plus en 2011 (princ),0.1
INSEE,BASE IC LOGEMENT,Pop ménages en 2011 (princ),0.1
INSEE,BASE IC LOGEMENT,Pop mén emménagés moins 2 ans en 2011 (princ),0.1
INSEE,BASE IC LOGEMENT,Pop mén emménagés entre 2-4 ans en 2011 (princ),0.1
INSEE,BASE IC LOGEMENT,Pop mén emménagés entre 5-9 ans en 2011 (princ),0.1
INSEE,BASE IC LOGEMENT,Pop mén emménagés depuis 10 ans ou plus en 2011 (princ),0.1
INSEE,BASE IC LOGEMENT,Pièces Rés princ Mén. emménagés moins 2 ans en 2011 (princ),0.1
INSEE,BASE IC LOGEMENT,Pièces Rés princ Mén. emménagés entre 2-4 ans en 2011 (princ),0.1
INSEE,BASE IC LOGEMENT,Pièces Rés princ Mén. emménagés entre 5-9 ans en 2011 (princ),0.1
INSEE,BASE IC LOGEMENT,Pièces Rés princ Mén. emménagés depuis 10 ans ou plus en 2011 (princ),0.1
INSEE,BASE IC LOGEMENT,Rés princ occupées Propriétaires en 2011 (princ),0.1
INSEE,BASE IC LOGEMENT,Rés princ occupées Locataires en 2011 (princ),0.1
INSEE,BASE IC LOGEMENT,Rés princ HLM louée vide en 2011 (princ),0.1
INSEE,BASE IC LOGEMENT,Rés princ logé gratuit en 2011 (princ),0.1
INSEE,BASE IC LOGEMENT,Personnes Rés princ en 2011 (princ),0.1
INSEE,BASE IC LOGEMENT,Pers Rés princ occupées Propriétaires en 2011 (princ),0.1
INSEE,BASE IC LOGEMENT,Pers Rés princ occupées Locataires en 2011 (princ),0.1
INSEE,BASE IC LOGEMENT,Pers Rés princ HLM louées vides en 2011 (princ),0.1
INSEE,BASE IC LOGEMENT,Pers Rés princ occupées gratuit en 2011 (princ),0.1
INSEE,BASE IC LOGEMENT,Anc tot Emméngt Rés princ (années) en 2011 (princ),0.1
INSEE,BASE IC LOGEMENT,Anc tot Emméngt Rés princ occ par Propriétaires (années) en 2011 (princ),0.1
INSEE,BASE IC LOGEMENT,Anc tot Emméngt Rés princ occ par Locataires (années) en 2011 (princ),0.1
INSEE,BASE IC LOGEMENT,Anc tot Emméngt Rés princ HLM louées vides (années) en 2011 (princ),0.1
INSEE,BASE IC LOGEMENT,Anc tot Emméngt Rés princ occ gratuit (années) en 2011 (princ),0.1
INSEE,BASE IC LOGEMENT,Rés princ SDB baignoire douche (MET) en 2011 (princ),0.1
INSEE,BASE IC LOGEMENT,Rés princ Chauffage Central Collectif (MET) en 2011 (princ),0.1
INSEE,BASE IC LOGEMENT,Rés princ Chauffage Central Individuel (MET) en 2011 (princ),0.1
INSEE,BASE IC LOGEMENT,Rés princ Chauffage Individuel Electrique (MET) en 2011 (princ),0.1
INSEE,BASE IC LOGEMENT,Ménages au moins un parking en 2011 (princ),0.1
INSEE,BASE IC LOGEMENT,Ménages au moins une voiture en 2011 (princ),0.1
INSEE,BASE IC LOGEMENT,Ménages une voiture en 2011 (princ),0.1
INSEE,BASE IC LOGEMENT,Ménages deux voitures ou plus en 2011 (princ),0.1
INSEE,BASE IC LOGEMENT,Rés princ avec électricité (DOM) en 2011 (princ),0.1
INSEE,BASE IC LOGEMENT,Rés princ avec eau chaude (DOM) en 2011 (princ),0.1
INSEE,BASE IC LOGEMENT,Rés princ avec Bain/Douche WC (DOM) en 2011 (princ),0.1
INSEE,BASE IC LOGEMENT,Rés princ avec chauffe-eau solaire (DOM) en 2011 (princ),0.1
INSEE,BASE IC LOGEMENT,Rés princ avec pièce climatisée (DOM) en 2011 (princ),0.1
INSEE,BASE IC LOGEMENT,Rés princ avec tout à l'égout (DOM) en 2011 (princ),0.1
INSEE,BASE IC LOGEMENT,Habitations de fortune (DOM) en 2011 (princ),0.1
INSEE,BASE IC LOGEMENT,Cases traditionnelles (DOM) en 2011 (princ),0.1
INSEE,BASE IC LOGEMENT,Maisons ou Immeubles en bois (DOM) en 2011 (princ),0.1
INSEE,BASE IC LOGEMENT,Maisons ou Immeubles en dur (DOM) en 2011 (princ),0.1
INSEE,BASE IC DIPLOME FORMATION,,0.1
INSEE,BASE IC DIPLOME FORMATION,IRIS,0.1
INSEE,BASE IC DIPLOME FORMATION,Unité urbaine,0.1
INSEE,BASE IC DIPLOME FORMATION,Commune ou ARM,0.1
INSEE,BASE IC DIPLOME FORMATION,TRIRIS,0.1
INSEE,BASE IC DIPLOME FORMATION,Grand quartier,0.1
INSEE,BASE IC DIPLOME FORMATION,Libellé de l'IRIS,0.1
INSEE,BASE IC DIPLOME FORMATION,Type d'IRIS,0.1
INSEE,BASE IC DIPLOME FORMATION,Modification de l'IRIS,0.1
INSEE,BASE IC DIPLOME FORMATION,Label de l'IRIS en 2011,0.1
INSEE,BASE IC DIPLOME FORMATION,Pop 2-5 ans en 2011 (princ),0.1
INSEE,BASE IC DIPLOME FORMATION,Pop 6-10 ans en 2011 (princ),0.1
INSEE,BASE IC DIPLOME FORMATION,Pop 11-14 ans en 2011 (princ),0.1
INSEE,BASE IC DIPLOME FORMATION,Pop 15-17 ans en 2011 (princ),0.1
INSEE,BASE IC DIPLOME FORMATION,Pop 18-24 ans en 2011 (princ),0.1
INSEE,BASE IC DIPLOME FORMATION,Pop 25-29 ans en 2011 (princ),0.1
INSEE,BASE IC DIPLOME FORMATION,Pop 30 ans ou plus en 2011 (princ),0.1
INSEE,BASE IC DIPLOME FORMATION,Pop scolarisée 2-5 ans en 2011 (princ),0.1
INSEE,BASE IC DIPLOME FORMATION,Pop scolarisée 6-10 ans en 2011 (princ),0.1
INSEE,BASE IC DIPLOME FORMATION,Pop scolarisée 11-14 ans en 2011 (princ),0.1
INSEE,BASE IC DIPLOME FORMATION,Pop scolarisée 15-17 ans en 2011 (princ),0.1
INSEE,BASE IC DIPLOME FORMATION,Pop scolarisée 18-24 ans en 2011 (princ),0.1
INSEE,BASE IC DIPLOME FORMATION,Pop scolarisée 25-29 ans en 2011 (princ),0.1
INSEE,BASE IC DIPLOME FORMATION,Pop scolarisée 30 ans ou plus en 2011 (princ),0.1
INSEE,BASE IC DIPLOME FORMATION,Pop 15 ans ou plus non scolarisée en 2011 (princ),0.1
INSEE,BASE IC DIPLOME FORMATION,Pop 15 ans ou plus non scol. Sans diplôme en 2011 (princ),0.1
INSEE,BASE IC DIPLOME FORMATION,Pop 15 ans ou plus non scol. CEP en 2011 (princ),0.1
INSEE,BASE IC DIPLOME FORMATION,Pop 15 ans ou plus non scol. BEPC, brevet collèges en 2011 (princ),0.1
INSEE,BASE IC DIPLOME FORMATION,Pop 15 ans ou plus non scol. CAP-BEP en 2011 (princ),0.1
INSEE,BASE IC DIPLOME FORMATION,Pop 15 ans ou plus non scol. BAC-BP en 2011 (princ),0.1
INSEE,BASE IC DIPLOME FORMATION,Pop 15 ans ou plus non scol. Enseignement sup court en 2011 (princ),0.1
INSEE,BASE IC DIPLOME FORMATION,Pop 15 ans ou plus non scol. Enseignement sup long en 2011 (princ),0.1
INSEE,BASE IC DIPLOME FORMATION,Hommes 15 ans ou plus non scolarisés en 2011 (princ),0.1
INSEE,BASE IC DIPLOME FORMATION,Hommes 15 ans ou plus non scol. Sans diplôme en 2011 (princ),0.1
INSEE,BASE IC DIPLOME FORMATION,Hommes 15 ans ou plus non scol. CEP en 2011 (princ),0.1
INSEE,BASE IC DIPLOME FORMATION,Hommes 15 ans ou plus non scol. BEPC, brevet collèges en 2011 (princ),0.1
INSEE,BASE IC DIPLOME FORMATION,Hommes 15 ans ou plus non scol. CAP-BEP en 2011 (princ),0.1
INSEE,BASE IC DIPLOME FORMATION,Hommes 15 ans ou plus non scol. BAC-BP en 2011 (princ),0.1
INSEE,BASE IC DIPLOME FORMATION,Hommes 15 ans ou plus non scol. Enseignement sup court en 2011 (princ),0.1
INSEE,BASE IC DIPLOME FORMATION,Hommes 15 ans ou plus non scol. Enseignement sup long en 2011 (princ),0.1
INSEE,BASE IC DIPLOME FORMATION,Femmes 15 ans ou plus non scolarisées en 2011 (princ),0.1
INSEE,BASE IC DIPLOME FORMATION,Femmes 15 ans ou plus non scol. Sans diplôme en 2011 (princ),0.1
INSEE,BASE IC DIPLOME FORMATION,Femmes 15 ans ou plus non scol. CEP en 2011 (princ),0.1
INSEE,BASE IC DIPLOME FORMATION,Femmes 15 ans ou plus non scol. BEPC, brevet collèges en 2011 (princ),0.1
INSEE,BASE IC DIPLOME FORMATION,Femmes 15 ans ou plus non scol. CAP-BEP en 2011 (princ),0.1
INSEE,BASE IC DIPLOME FORMATION,Femmes 15 ans ou plus non scol. BAC-BP en 2011 (princ),0.1
INSEE,BASE IC DIPLOME FORMATION,Femmes 15 ans ou plus non scol. Enseignement sup court en 2011 (princ),0.1
INSEE,BASE IC DIPLOME FORMATION,Femmes 15 ans ou plus non scol. Enseignement sup long en 2011 (princ),0.1
INSEE,BASE IC COUPLES FAMILLES MENAGES,,0.1
INSEE,BASE IC COUPLES FAMILLES MENAGES,IRIS,0.1
INSEE,BASE IC COUPLES FAMILLES MENAGES,Unité urbaine,0.1
INSEE,BASE IC COUPLES FAMILLES MENAGES,Commune ou ARM,0.1
INSEE,BASE IC COUPLES FAMILLES MENAGES,TRIRIS,0.1
INSEE,BASE IC COUPLES FAMILLES MENAGES,Grand quartier,0.1
INSEE,BASE IC COUPLES FAMILLES MENAGES,Libellé de l'IRIS,0.1
INSEE,BASE IC COUPLES FAMILLES MENAGES,Type d'IRIS,0.1
INSEE,BASE IC COUPLES FAMILLES MENAGES,Modification de l'IRIS,0.1
INSEE,BASE IC COUPLES FAMILLES MENAGES,Label de l'IRIS en 2011,0.1
INSEE,BASE IC COUPLES FAMILLES MENAGES,Ménages en 2011 (compl),0.1
INSEE,BASE IC COUPLES FAMILLES MENAGES,Ménages 1 personne en 2011 (compl),0.1
INSEE,BASE IC COUPLES FAMILLES MENAGES,Ménages Hommes seuls en 2011 (compl),0.1
INSEE,BASE IC COUPLES FAMILLES MENAGES,Ménages Femmes seules en 2011 (compl),0.1
INSEE,BASE IC COUPLES FAMILLES MENAGES,Ménages Autres sans famille en 2011 (compl),0.1
INSEE,BASE IC COUPLES FAMILLES MENAGES,Ménages avec famille(s) en 2011 (compl),0.1
INSEE,BASE IC COUPLES FAMILLES MENAGES,Mén fam princ Couple sans enfant en 2011 (compl),0.1
INSEE,BASE IC COUPLES FAMILLES MENAGES,Mén fam princ Couple avec enfant(s) en 2011 (compl),0.1
INSEE,BASE IC COUPLES FAMILLES MENAGES,Mén fam princ Famille mono en 2011 (compl),0.1
INSEE,BASE IC COUPLES FAMILLES MENAGES,Pop Ménages en 2011 (compl),0.1
INSEE,BASE IC COUPLES FAMILLES MENAGES,Pop mén Personnes seules en 2011 (compl),0.1
INSEE,BASE IC COUPLES FAMILLES MENAGES,Pop mén Hommes seuls en 2011 (compl),0.1
INSEE,BASE IC COUPLES FAMILLES MENAGES,Pop mén Femmes seules en 2011 (compl),0.1
INSEE,BASE IC COUPLES FAMILLES MENAGES,Pop mén Autres sans famille en 2011 (compl),0.1
INSEE,BASE IC COUPLES FAMILLES MENAGES,Pop mén avec famille(s) en 2011 (compl),0.1
INSEE,BASE IC COUPLES FAMILLES MENAGES,Pop mén fam princ Couple sans enfant en 2011 (compl),0.1
INSEE,BASE IC COUPLES FAMILLES MENAGES,Pop mén fam princ Couple avec enfant(s) en 2011 (compl),0.1
INSEE,BASE IC COUPLES FAMILLES MENAGES,Pop mén fam princ Famille mono en 2011 (compl),0.1
INSEE,BASE IC COUPLES FAMILLES MENAGES,Pop 15 ans ou plus en 2011 (princ),0.1
INSEE,BASE IC COUPLES FAMILLES MENAGES,Pop 15-24 ans en 2011 (princ),0.1
INSEE,BASE IC COUPLES FAMILLES MENAGES,Pop 25-54 ans en 2011 (princ),0.1
INSEE,BASE IC COUPLES FAMILLES MENAGES,Pop 55-79 ans en 2011 (princ),0.1
INSEE,BASE IC COUPLES FAMILLES MENAGES,Pop 80 ans ou plus en 2011 (princ),0.1
INSEE,BASE IC COUPLES FAMILLES MENAGES,Pop mén 15 ans ou plus en 2011 (princ),0.1
INSEE,BASE IC COUPLES FAMILLES MENAGES,Pop mén 15-24 ans en 2011 (princ),0.1
INSEE,BASE IC COUPLES FAMILLES MENAGES,Pop mén 25-54 ans en 2011 (princ),0.1
INSEE,BASE IC COUPLES FAMILLES MENAGES,Pop mén 55-79 ans en 2011 (princ),0.1
INSEE,BASE IC COUPLES FAMILLES MENAGES,Pop mén 80 ans ou plus en 2011 (princ),0.1
INSEE,BASE IC COUPLES FAMILLES MENAGES,Pop 15 ans ou plus ans vivant seule en 2011 (princ),0.1
INSEE,BASE IC COUPLES FAMILLES MENAGES,Pop 15-24 ans vivant seule en 2011 (princ),0.1
INSEE,BASE IC COUPLES FAMILLES MENAGES,Pop 25-54 ans vivant seule en 2011 (princ),0.1
INSEE,BASE IC COUPLES FAMILLES MENAGES,Pop 55-79 ans vivant seule en 2011 (princ),0.1
INSEE,BASE IC COUPLES FAMILLES MENAGES,Pop 80 ans ou plus vivant seule en 2011 (princ),0.1
INSEE,BASE IC COUPLES FAMILLES MENAGES,Pop 15 ans ou plus Marié en 2011 (princ),0.1
INSEE,BASE IC COUPLES FAMILLES MENAGES,Pop 15 ans ou plus Célibataire en 2011 (princ),0.1
INSEE,BASE IC COUPLES FAMILLES MENAGES,Pop 15 ans ou plus Veuf en 2011 (princ),0.1
INSEE,BASE IC COUPLES FAMILLES MENAGES,Pop 15 ans ou plus Divorcé en 2011 (princ),0.1
INSEE,BASE IC COUPLES FAMILLES MENAGES,Ménages Pers Réf Agri. expl. en 2011 (compl),0.1
INSEE,BASE IC COUPLES FAMILLES MENAGES,Ménages Pers Réf Art. Comm. Chefs entr. en 2011 (compl),0.1
INSEE,BASE IC COUPLES FAMILLES MENAGES,Ménages Pers Réf Cadres Prof int sup en 2011 (compl),0.1
INSEE,BASE IC COUPLES FAMILLES MENAGES,Ménages Pers Réf Prof intermédiaire en 2011 (compl),0.1
INSEE,BASE IC COUPLES FAMILLES MENAGES,Ménages Pers Réf Employé en 2011 (compl),0.1
INSEE,BASE IC COUPLES FAMILLES MENAGES,Ménages Pers Réf Ouvrier en 2011 (compl),0.1
INSEE,BASE IC COUPLES FAMILLES MENAGES,Ménages Pers Réf Retraité en 2011 (compl),0.1
INSEE,BASE IC COUPLES FAMILLES MENAGES,Ménages Pers Réf Autre en 2011 (compl),0.1
INSEE,BASE IC COUPLES FAMILLES MENAGES,Pop mén Pers Réf Agri. expl. en 2011 (compl),0.1
INSEE,BASE IC COUPLES FAMILLES MENAGES,Pop mén Pers Réf Art Com Chef ent en 2011 (compl),0.1
INSEE,BASE IC COUPLES FAMILLES MENAGES,Pop mén Pers Réf Cadres Prof int sup en 2011 (compl),0.1
INSEE,BASE IC COUPLES FAMILLES MENAGES,Pop mén Pers Réf Prof intermédiaire en 2011 (compl),0.1
INSEE,BASE IC COUPLES FAMILLES MENAGES,Pop mén Pers Réf Employé en 2011 (compl),0.1
INSEE,BASE IC COUPLES FAMILLES MENAGES,Pop mén Pers Réf Ouvrier en 2011 (compl),0.1
INSEE,BASE IC COUPLES FAMILLES MENAGES,Pop mén Pers Réf Retraité en 2011 (compl),0.1
INSEE,BASE IC COUPLES FAMILLES MENAGES,Pop mén Pers Réf Autre en 2011 (compl),0.1
INSEE,BASE IC COUPLES FAMILLES MENAGES,Familles en 2011 (compl),0.1
INSEE,BASE IC COUPLES FAMILLES MENAGES,Fam Couple avec enfant(s) en 2011 (compl),0.1
INSEE,BASE IC COUPLES FAMILLES MENAGES,Fam Monoparentales en 2011 (compl),0.1
INSEE,BASE IC COUPLES FAMILLES MENAGES,Fam Couple sans enfant en 2011 (compl),0.1
INSEE,BASE IC COUPLES FAMILLES MENAGES,Fam 0 enfant moins 25 ans en 2011 (compl),0.1
INSEE,BASE IC COUPLES FAMILLES MENAGES,Fam 1 enfant moins 25 ans en 2011 (compl),0.1
INSEE,BASE IC COUPLES FAMILLES MENAGES,Fam 2 enfants moins 25 ans en 2011 (compl),0.1
INSEE,BASE IC COUPLES FAMILLES MENAGES,Fam 3 enfants moins 25 ans en 2011 (compl),0.1
INSEE,BASE IC COUPLES FAMILLES MENAGES,Fam 4 enfants ou plus moins 25 ans en 2011 (compl),0.1
INSEE,BASE IC EVOLUTION STRUCTURE POPULATION,,0.1
INSEE,BASE IC EVOLUTION STRUCTURE POPULATION,IRIS,0.1
INSEE,BASE IC EVOLUTION STRUCTURE POPULATION,Unité urbaine,0.1
INSEE,BASE IC EVOLUTION STRUCTURE POPULATION,Commune ou ARM,0.1
INSEE,BASE IC EVOLUTION STRUCTURE POPULATION,TRIRIS,0.1
INSEE,BASE IC EVOLUTION STRUCTURE POPULATION,Grand quartier,0.1
INSEE,BASE IC EVOLUTION STRUCTURE POPULATION,Libellé de l'IRIS,0.1
INSEE,BASE IC EVOLUTION STRUCTURE POPULATION,Type d'IRIS,0.1
INSEE,BASE IC EVOLUTION STRUCTURE POPULATION,Modification de l'IRIS,0.1
INSEE,BASE IC EVOLUTION STRUCTURE POPULATION,Label de l'IRIS en 2011,0.1
INSEE,BASE IC EVOLUTION STRUCTURE POPULATION,Population en 2011 (princ),0.1
INSEE,BASE IC EVOLUTION STRUCTURE POPULATION,Pop 0-2 ans en 2011 (princ),0.1
INSEE,BASE IC EVOLUTION STRUCTURE POPULATION,Pop 3-5 ans en 2011 (princ),0.1
INSEE,BASE IC EVOLUTION STRUCTURE POPULATION,Pop 6-10 ans en 2011 (princ),0.1
INSEE,BASE IC EVOLUTION STRUCTURE POPULATION,Pop 11-17 ans en 2011 (princ),0.1
INSEE,BASE IC EVOLUTION STRUCTURE POPULATION,Pop 18-24 ans en 2011 (princ),0.1
INSEE,BASE IC EVOLUTION STRUCTURE POPULATION,Pop 25-39 ans en 2011 (princ),0.1
INSEE,BASE IC EVOLUTION STRUCTURE POPULATION,Pop 40-54 ans en 2011 (princ),0.1
INSEE,BASE IC EVOLUTION STRUCTURE POPULATION,Pop 55-64 ans en 2011 (princ),0.1
INSEE,BASE IC EVOLUTION STRUCTURE POPULATION,Pop 65-79 ans en 2011 (princ),0.1
INSEE,BASE IC EVOLUTION STRUCTURE POPULATION,Pop 80 ans ou plus en 2011 (princ),0.1
INSEE,BASE IC EVOLUTION STRUCTURE POPULATION,Pop 0-14 ans en 2011 (princ),0.1
INSEE,BASE IC EVOLUTION STRUCTURE POPULATION,Pop 15-29 ans en 2011 (princ),0.1
INSEE,BASE IC EVOLUTION STRUCTURE POPULATION,Pop 30-44 ans en 2011 (princ),0.1
INSEE,BASE IC EVOLUTION STRUCTURE POPULATION,Pop 45-59 ans en 2011 (princ),0.1
INSEE,BASE IC EVOLUTION STRUCTURE POPULATION,Pop 60-74 ans en 2011 (princ),0.1
INSEE,BASE IC EVOLUTION STRUCTURE POPULATION,Pop 75 ans ou plus en 2011 (princ),0.1
INSEE,BASE IC EVOLUTION STRUCTURE POPULATION,Pop 0-19 ans en 2011 (princ),0.1
INSEE,BASE IC EVOLUTION STRUCTURE POPULATION,Pop 20-64 ans en 2011 (princ),0.1
INSEE,BASE IC EVOLUTION STRUCTURE POPULATION,Pop 65 ans ou plus en 2011 (princ),0.1
INSEE,BASE IC EVOLUTION STRUCTURE POPULATION,Pop Hommes en 2011 (princ),0.1
INSEE,BASE IC EVOLUTION STRUCTURE POPULATION,Pop Hommes 0-14 ans en 2011 (princ),0.1
INSEE,BASE IC EVOLUTION STRUCTURE POPULATION,Pop Hommes 15-29 ans en 2011 (princ),0.1
INSEE,BASE IC EVOLUTION STRUCTURE POPULATION,Pop Hommes 30-44 ans en 2011 (princ),0.1
INSEE,BASE IC EVOLUTION STRUCTURE POPULATION,Pop Hommes 45-59 ans en 2011 (princ),0.1
INSEE,BASE IC EVOLUTION STRUCTURE POPULATION,Pop Hommes 60-74 ans en 2011 (princ),0.1
INSEE,BASE IC EVOLUTION STRUCTURE POPULATION,Pop Hommes 75 ans ou plus en 2011 (princ),0.1
INSEE,BASE IC EVOLUTION STRUCTURE POPULATION,Pop Hommes 0-19 ans en 2011 (princ),0.1
INSEE,BASE IC EVOLUTION STRUCTURE POPULATION,Pop Hommes 20-64 ans en 2011 (princ),0.1
INSEE,BASE IC EVOLUTION STRUCTURE POPULATION,Pop Hommes 65 ans ou plus en 2011 (princ),0.1
INSEE,BASE IC EVOLUTION STRUCTURE POPULATION,Pop Femmes en 2011 (princ),0.1
INSEE,BASE IC EVOLUTION STRUCTURE POPULATION,Pop Femmes 0-14 ans en 2011 (princ),0.1
INSEE,BASE IC EVOLUTION STRUCTURE POPULATION,Pop Femmes 15-29 ans en 2011 (princ),0.1
INSEE,BASE IC EVOLUTION STRUCTURE POPULATION,Pop Femmes 30-44 ans en 2011 (princ),0.1
INSEE,BASE IC EVOLUTION STRUCTURE POPULATION,Pop Femmes 45-59 ans en 2011 (princ),0.1
INSEE,BASE IC EVOLUTION STRUCTURE POPULATION,Pop Femmes 60-74 ans en 2011 (princ),0.1
INSEE,BASE IC EVOLUTION STRUCTURE POPULATION,Pop Femmes 75 ans ou plus en 2011 (princ),0.1
INSEE,BASE IC EVOLUTION STRUCTURE POPULATION,Pop Femmes 0-19 ans en 2011 (princ),0.1
INSEE,BASE IC EVOLUTION STRUCTURE POPULATION,Pop Femmes 20-64 ans en 2011 (princ),0.1
INSEE,BASE IC EVOLUTION STRUCTURE POPULATION,Pop Femmes 65 ans ou plus en 2011 (princ),0.1
INSEE,BASE IC EVOLUTION STRUCTURE POPULATION,Pop 15 ans ou plus en 2011 (compl),0.1
INSEE,BASE IC EVOLUTION STRUCTURE POPULATION,Pop 15 ans ou plus Agriculteurs exploitants en 2011 (compl),0.1
INSEE,BASE IC EVOLUTION STRUCTURE POPULATION,Pop 15 ans ou plus Artisans, Comm., Chefs entr. en 2011 (compl),0.1
INSEE,BASE IC EVOLUTION STRUCTURE POPULATION,Pop 15 ans ou plus Cadres, Prof. intel. sup. en 2011 (compl),0.1
INSEE,BASE IC EVOLUTION STRUCTURE POPULATION,Pop 15 ans ou plus Prof. intermédiaires en 2011 (compl),0.1
INSEE,BASE IC EVOLUTION STRUCTURE POPULATION,Pop 15 ans ou plus Employés en 2011 (compl),0.1
INSEE,BASE IC EVOLUTION STRUCTURE POPULATION,Pop 15 ans ou plus Ouvriers en 2011 (compl),0.1
INSEE,BASE IC EVOLUTION STRUCTURE POPULATION,Pop 15 ans ou plus Retraités en 2011 (compl),0.1
INSEE,BASE IC EVOLUTION STRUCTURE POPULATION,Pop 15 ans ou plus Autres en 2011 (compl),0.1
INSEE,BASE IC EVOLUTION STRUCTURE POPULATION,Pop 15 ans ou plus Hommes en 2011 (compl),0.1
INSEE,BASE IC EVOLUTION STRUCTURE POPULATION,Pop 15 ans ou plus Hommes Agriculteurs exploitants en 2011 (compl),0.1
INSEE,BASE IC EVOLUTION STRUCTURE POPULATION,Pop 15 ans ou plus Hommes Artisans, Comm., Chefs entr. en 2011 (compl),0.1
INSEE,BASE IC EVOLUTION STRUCTURE POPULATION,Pop 15 ans ou plus Hommes Cadres, Prof. intel. sup. en 2011 (compl),0.1
INSEE,BASE IC EVOLUTION STRUCTURE POPULATION,Pop 15 ans ou plus Hommes Prof. intermédiaires en 2011 (compl),0.1
INSEE,BASE IC EVOLUTION STRUCTURE POPULATION,Pop 15 ans ou plus Hommes Employés en 2011 (compl),0.1
INSEE,BASE IC EVOLUTION STRUCTURE POPULATION,Pop 15 ans ou plus Hommes Ouvriers en 2011 (compl),0.1
INSEE,BASE IC EVOLUTION STRUCTURE POPULATION,Pop 15 ans ou plus Hommes Retraités en 2011 (compl),0.1
INSEE,BASE IC EVOLUTION STRUCTURE POPULATION,Pop 15 ans ou plus Hommes Autres en 2011 (compl),0.1
INSEE,BASE IC EVOLUTION STRUCTURE POPULATION,Pop 15 ans ou plus Femmes en 2011 (compl),0.1
INSEE,BASE IC EVOLUTION STRUCTURE POPULATION,Pop 15 ans ou plus Femmes Agriculteurs exploitants en 2011 (compl),0.1
INSEE,BASE IC EVOLUTION STRUCTURE POPULATION,Pop 15 ans ou plus Femmes Artisans, Comm., Chefs entr. en 2011 (compl),0.1
INSEE,BASE IC EVOLUTION STRUCTURE POPULATION,Pop 15 ans ou plus Femmes Cadres, Prof. intel. sup. en 2011 (compl),0.1
INSEE,BASE IC EVOLUTION STRUCTURE POPULATION,Pop 15 ans ou plus Femmes Prof. intermédiaires en 2011 (compl),0.1
INSEE,BASE IC EVOLUTION STRUCTURE POPULATION,Pop 15 ans ou plus Femmes Employés en 2011 (compl),0.1
INSEE,BASE IC EVOLUTION STRUCTURE POPULATION,Pop 15 ans ou plus Femmes Ouvriers en 2011 (compl),0.1
INSEE,BASE IC EVOLUTION STRUCTURE POPULATION,Pop 15 ans ou plus Femmes Retraités en 2011 (compl),0.1
INSEE,BASE IC EVOLUTION STRUCTURE POPULATION,Pop 15 ans ou plus Femmes Autres en 2011 (compl),0.1
INSEE,BASE IC EVOLUTION STRUCTURE POPULATION,Pop Français en 2011 (princ),0.1
INSEE,BASE IC EVOLUTION STRUCTURE POPULATION,Pop Etrangers en 2011 (princ),0.1
INSEE,BASE IC EVOLUTION STRUCTURE POPULATION,Pop Immigrés en 2011 (princ),0.1
INSEE,BASE IC EVOLUTION STRUCTURE POPULATION,Pop ménages en 2011 (princ),0.1
INSEE,BASE IC EVOLUTION STRUCTURE POPULATION,Pop hors ménages en 2011 (princ),0.1
INSEE,BASE IC ACTIVITE RESIDENTS,,0.1
INSEE,BASE IC ACTIVITE RESIDENTS,IRIS,0.1
INSEE,BASE IC ACTIVITE RESIDENTS,Unité urbaine,0.1
INSEE,BASE IC ACTIVITE RESIDENTS,Commune ou ARM,0.1
INSEE,BASE IC ACTIVITE RESIDENTS,TRIRIS,0.1
INSEE,BASE IC ACTIVITE RESIDENTS,Grand quartier,0.1
INSEE,BASE IC ACTIVITE RESIDENTS,Libellé de l'IRIS,0.1
INSEE,BASE IC ACTIVITE RESIDENTS,Type d'IRIS,0.1
INSEE,BASE IC ACTIVITE RESIDENTS,Modification de l'IRIS,0.1
INSEE,BASE IC ACTIVITE RESIDENTS,Label de l'IRIS en 2011,0.1
INSEE,BASE IC ACTIVITE RESIDENTS,Pop 15-64 ans en 2011 (princ),0.1
INSEE,BASE IC ACTIVITE RESIDENTS,Pop 15-24 ans en 2011 (princ),0.1
INSEE,BASE IC ACTIVITE RESIDENTS,Pop 25-54 ans en 2011 (princ),0.1
INSEE,BASE IC ACTIVITE RESIDENTS,Pop 55-64 ans en 2011 (princ),0.1
INSEE,BASE IC ACTIVITE RESIDENTS,Pop 15-64 ans Hommes en 2011 (princ),0.1
INSEE,BASE IC ACTIVITE RESIDENTS,Pop 15-24 ans Hommes en 2011 (princ),0.1
INSEE,BASE IC ACTIVITE RESIDENTS,Pop 25-54 ans Hommes en 2011 (princ),0.1
INSEE,BASE IC ACTIVITE RESIDENTS,Pop 55-64 ans Hommes en 2011 (princ),0.1
INSEE,BASE IC ACTIVITE RESIDENTS,Pop 15-64 ans Femmes en 2011 (princ),0.1
INSEE,BASE IC ACTIVITE RESIDENTS,Pop 15-24 ans Femmes en 2011 (princ),0.1
INSEE,BASE IC ACTIVITE RESIDENTS,Pop 25-54 ans Femmes en 2011 (princ),0.1
INSEE,BASE IC ACTIVITE RESIDENTS,Pop 55-64 ans Femmes en 2011 (princ),0.1
INSEE,BASE IC ACTIVITE RESIDENTS,Actifs 15-64 ans en 2011 (princ),0.1
INSEE,BASE IC ACTIVITE RESIDENTS,Actifs 15-24 ans en 2011 (princ),0.1
INSEE,BASE IC ACTIVITE RESIDENTS,Actifs 25-54 ans en 2011 (princ),0.1
INSEE,BASE IC ACTIVITE RESIDENTS,Actifs 55-64 ans en 2011 (princ),0.1
INSEE,BASE IC ACTIVITE RESIDENTS,Actifs 15-64 ans Hommes en 2011 (princ),0.1
INSEE,BASE IC ACTIVITE RESIDENTS,Actifs 15-24 ans Hommes en 2011 (princ),0.1
INSEE,BASE IC ACTIVITE RESIDENTS,Actifs 25-54 ans Hommes en 2011 (princ),0.1
INSEE,BASE IC ACTIVITE RESIDENTS,Actifs 55-64 ans Hommes en 2011 (princ),0.1
INSEE,BASE IC ACTIVITE RESIDENTS,Actifs 15-64 ans Femmes en 2011 (princ),0.1
INSEE,BASE IC ACTIVITE RESIDENTS,Actifs 15-24 ans Femmes en 2011 (princ),0.1
INSEE,BASE IC ACTIVITE RESIDENTS,Actifs 25-54 ans Femmes en 2011 (princ),0.1
INSEE,BASE IC ACTIVITE RESIDENTS,Actifs 55-64 ans Femmes en 2011 (princ),0.1
INSEE,BASE IC ACTIVITE RESIDENTS,Actifs occupés 15-64 ans en 2011 (princ),0.1
INSEE,BASE IC ACTIVITE RESIDENTS,Actifs occupés 15-24 ans en 2011 (princ),0.1
INSEE,BASE IC ACTIVITE RESIDENTS,Actifs occupés 25-54 ans en 2011 (princ),0.1
INSEE,BASE IC ACTIVITE RESIDENTS,Actifs occupés 55-64 ans en 2011 (princ),0.1
INSEE,BASE IC ACTIVITE RESIDENTS,Actifs occupés 15-64 ans Hommes en 2011 (princ),0.1
INSEE,BASE IC ACTIVITE RESIDENTS,Actifs occupés 15-24 ans Hommes en 2011 (princ),0.1
INSEE,BASE IC ACTIVITE RESIDENTS,Actifs occupés 25-54 ans Hommes en 2011 (princ),0.1
INSEE,BASE IC ACTIVITE RESIDENTS,Actifs occupés 55-64 ans Hommes en 2011 (princ),0.1
INSEE,BASE IC ACTIVITE RESIDENTS,Actifs occupés 15-64 ans Femmes en 2011 (princ),0.1
INSEE,BASE IC ACTIVITE RESIDENTS,Actifs occupés 15-24 ans Femmes en 2011 (princ),0.1
INSEE,BASE IC ACTIVITE RESIDENTS,Actifs occupés 25-54 ans Femmes en 2011 (princ),0.1
INSEE,BASE IC ACTIVITE RESIDENTS,Actifs occupés 55-64 ans Femmes en 2011 (princ),0.1
INSEE,BASE IC ACTIVITE RESIDENTS,Chômeurs 15-64 ans en 2011 (princ),0.1
INSEE,BASE IC ACTIVITE RESIDENTS,Chômeurs 15-24 ans en 2011 (princ),0.1
INSEE,BASE IC ACTIVITE RESIDENTS,Chômeurs 25-54 ans en 2011 (princ),0.1
INSEE,BASE IC ACTIVITE RESIDENTS,Chômeurs 55-64 ans en 2011 (princ),0.1
INSEE,BASE IC ACTIVITE RESIDENTS,Chômeurs 15-64 ans Hommes en 2011 (princ),0.1
INSEE,BASE IC ACTIVITE RESIDENTS,Chômeurs 15-64 ans Femmes en 2011 (princ),0.1
INSEE,BASE IC ACTIVITE RESIDENTS,Inactifs 15-64 ans en 2011 (princ),0.1
INSEE,BASE IC ACTIVITE RESIDENTS,Inactifs 15-64 ans Hommes en 2011 (princ),0.1
INSEE,BASE IC ACTIVITE RESIDENTS,Inactifs 15-64 ans Femmes en 2011 (princ),0.1
INSEE,BASE IC ACTIVITE RESIDENTS,Elèv. Etud. Stag. non rémunérés 15-64 ans en 2011 (princ),0.1
INSEE,BASE IC ACTIVITE RESIDENTS,Elèv. Etud. Stag. non rémunérés 15-64 ans Hommes en 2011 (princ),0.1
INSEE,BASE IC ACTIVITE RESIDENTS,Elèv. Etud. Stag. non rémunérés 15-64 ans Femmes en 2011 (princ),0.1
INSEE,BASE IC ACTIVITE RESIDENTS,Retraités Préretraités 15-64 ans en 2011 (princ),0.1
INSEE,BASE IC ACTIVITE RESIDENTS,Retraités Préretraités 15-64 ans Hommes en 2011 (princ),0.1
INSEE,BASE IC ACTIVITE RESIDENTS,Retraités Préretraités 15-64 ans Femmes en 2011 (princ),0.1
INSEE,BASE IC ACTIVITE RESIDENTS,Autres inactifs 15-64 ans en 2011 (princ),0.1
INSEE,BASE IC ACTIVITE RESIDENTS,Autres inactifs 15-64 ans Hommes en 2011 (princ),0.1
INSEE,BASE IC ACTIVITE RESIDENTS,Autres inactifs 15-64 ans Femmes en 2011 (princ),0.1
INSEE,BASE IC ACTIVITE RESIDENTS,Actifs 15-64 ans en 2011 (compl),0.1
INSEE,BASE IC ACTIVITE RESIDENTS,Actifs 15-64 ans Agriculteurs exploitants en 2011 (compl),0.1
INSEE,BASE IC ACTIVITE RESIDENTS,Actifs 15-64 ans Artisans, Comm., Chefs entr. en 2011 (compl),0.1
INSEE,BASE IC ACTIVITE RESIDENTS,Actifs 15-64 ans Cadres, Prof. intel. sup. en 2011 (compl),0.1
INSEE,BASE IC ACTIVITE RESIDENTS,Actifs 15-64 ans Prof. intermédiaires en 2011 (compl),0.1
INSEE,BASE IC ACTIVITE RESIDENTS,Actifs 15-64 ans Employés en 2011 (compl),0.1
INSEE,BASE IC ACTIVITE RESIDENTS,Actifs 15-64 ans Ouvriers en 2011 (compl),0.1
INSEE,BASE IC ACTIVITE RESIDENTS,Actifs occupés 15-64 ans en 2011 (compl),0.1
INSEE,BASE IC ACTIVITE RESIDENTS,Actifs occ 15-64 ans Agriculteurs exploitants en 2011 (compl),0.1
INSEE,BASE IC ACTIVITE RESIDENTS,Actifs occ 15-64 ans Artisans, Comm., Chefs entr. en 2011 (compl),0.1
INSEE,BASE IC ACTIVITE RESIDENTS,Actifs occ 15-64 ans Cadres Prof. intel. sup. en 2011 (compl),0.1
INSEE,BASE IC ACTIVITE RESIDENTS,Actifs occ 15-64 ans Prof. intermédiaires en 2011 (compl),0.1
INSEE,BASE IC ACTIVITE RESIDENTS,Actifs occupés 15-64 ans Employés en 2011 (compl),0.1
INSEE,BASE IC ACTIVITE RESIDENTS,Actifs occupés 15-64 ans Ouvriers en 2011 (compl),0.1
INSEE,BASE IC ACTIVITE RESIDENTS,Actifs occupés 15 ans ou plus en 2011 (princ),0.1
INSEE,BASE IC ACTIVITE RESIDENTS,Actifs occupés 15 ans ou plus Hommes en 2011 (princ),0.1
INSEE,BASE IC ACTIVITE RESIDENTS,Actifs occupés 15 ans ou plus Femmes en 2011 (princ),0.1
INSEE,BASE IC ACTIVITE RESIDENTS,Salariés 15 ans ou plus en 2011 (princ),0.1
INSEE,BASE IC ACTIVITE RESIDENTS,Salariés 15 ans ou plus Hommes en 2011 (princ),0.1
INSEE,BASE IC ACTIVITE RESIDENTS,Salariés 15 ans ou plus Femmes en 2011 (princ),0.1
INSEE,BASE IC ACTIVITE RESIDENTS,Non-salariés 15 ans ou plus en 2011 (princ),0.1
INSEE,BASE IC ACTIVITE RESIDENTS,Non-salariés 15 ans ou plus Hommes en 2011 (princ),0.1
INSEE,BASE IC ACTIVITE RESIDENTS,Non-salariés 15 ans ou plus Femmes en 2011 (princ),0.1
INSEE,BASE IC ACTIVITE RESIDENTS,Actifs occ 15 ans ou plus TP en 2011 (princ),0.1
INSEE,BASE IC ACTIVITE RESIDENTS,Salariés 15 ans ou plus TP en 2011 (princ),0.1
INSEE,BASE IC ACTIVITE RESIDENTS,Salariés 15 ans ou plus TP Hommes en 2011 (princ),0.1
INSEE,BASE IC ACTIVITE RESIDENTS,Salariés 15 ans ou plus TP Femmes en 2011 (princ),0.1
INSEE,BASE IC ACTIVITE RESIDENTS,Non-salariés 15 ans ou plus TP en 2011 (princ),0.1
INSEE,BASE IC ACTIVITE RESIDENTS,Salariés 15 ans ou plus Fonct publ, CDI en 2011 (princ),0.1
INSEE,BASE IC ACTIVITE RESIDENTS,Salariés 15 ans ou plus CDD en 2011 (princ),0.1
INSEE,BASE IC ACTIVITE RESIDENTS,Salariés 15 ans ou plus Intérim en 2011 (princ),0.1
INSEE,BASE IC ACTIVITE RESIDENTS,Salariés 15 ans ou plus Emplois aidés en 2011 (princ),0.1
INSEE,BASE IC ACTIVITE RESIDENTS,Salariés 15 ans ou plus Apprentissage - Stage en 2011 (princ),0.1
INSEE,BASE IC ACTIVITE RESIDENTS,Non-salariés 15 ans ou plus Indépendants en 2011 (princ),0.1
INSEE,BASE IC ACTIVITE RESIDENTS,Non-salariés 15 ans ou plus Employeurs en 2011 (princ),0.1
INSEE,BASE IC ACTIVITE RESIDENTS,Non-salariés 15 ans ou plus Aides familiaux en 2011 (princ),0.1
INSEE,BASE IC ACTIVITE RESIDENTS,Actif occ 15 ans ou plus travaille commune résidence en 2011 (princ),0.1
INSEE,BASE IC ACTIVITE RESIDENTS,Actif occ 15 ans ou plus travaille autre commune que commune résidence en 2011 (princ),0.1
INSEE,BASE IC ACTIVITE RESIDENTS,Actif occ 15 ans ou plus travaille autre commune même dépt résidence en 2011 (princ),0.1
INSEE,BASE IC ACTIVITE RESIDENTS,Actif occ 15 ans ou plus travaille autre dépt même région résidence en 2011 (princ),0.1
INSEE,BASE IC ACTIVITE RESIDENTS,Actif occ 15 ans ou plus travaille autre région en métropole en 2011 (princ),0.1
INSEE,BASE IC ACTIVITE RESIDENTS,Actif occ 15 ans ou plus travaille autre région hors métropole en 2011 (princ),0.1
INSEE,BASE IC ACTIVITE RESIDENTS,Actif occ 15 ans ou plus en 2011 (compl),0.1
INSEE,BASE IC ACTIVITE RESIDENTS,Actif occ 15 ans ou plus pas de transport en 2011 (compl),0.1
INSEE,BASE IC ACTIVITE RESIDENTS,Actif occ 15 ans ou plus marche à pied en 2011 (compl),0.1
INSEE,BASE IC ACTIVITE RESIDENTS,Actif occ 15 ans ou plus deux roues en 2011 (compl),0.1
INSEE,BASE IC ACTIVITE RESIDENTS,Actif occ 15 ans ou plus voiture, camion en 2011 (compl),0.1
INSEE,BASE IC ACTIVITE RESIDENTS,Actif occ 15 ans ou plus transport en commun en 2011 (compl),0.1
DAMIR,Dépenses assurance maladies,,0.1
DAMIR,Dépenses assurance maladies,Nature d'Assurance,0.1
DAMIR,Dépenses assurance maladies,Nature de l'Accident du Travail,0.1
DAMIR,Dépenses assurance maladies,Top Bénéficiaire CMU-C,0.1
DAMIR,Dépenses assurance maladies,Qualité du Bénéficiaire,0.1
DAMIR,Dépenses assurance maladies,Région de Résidence du Bénéficiaire,0.1
DAMIR,Dépenses assurance maladies,Sexe du Bénéficiaire,0.1
DAMIR,Dépenses assurance maladies,Complément d'Acte,0.1
DAMIR,Dépenses assurance maladies,Type d'Enveloppe,0.1
DAMIR,Dépenses assurance maladies,Discipline de Prestation Etb Exécutant,0.1
DAMIR,Dépenses assurance maladies,Nature du Destinataire de Règlement affiné,0.1
DAMIR,Dépenses assurance maladies,Catégorie Etb Exécutant,0.1
DAMIR,Dépenses assurance maladies,Indicateur TAA Privé/Public,0.1
DAMIR,Dépenses assurance maladies,Région d'Implantation Etb Exécutant,0.1
DAMIR,Dépenses assurance maladies,Type Etb Exécutant,0.1
DAMIR,Dépenses assurance maladies,Catégorie Etb Prescripteur,0.1
DAMIR,Dépenses assurance maladies,Région d'Implantation Etb Prescripteur,0.1
DAMIR,Dépenses assurance maladies,Région du PS Exécutant,0.1
DAMIR,Dépenses assurance maladies,Motif d'Exonération du Ticket Modérateur,0.1
DAMIR,Dépenses assurance maladies,Coefficient Global de la Prestation Préfiltré,0.1
DAMIR,Dépenses assurance maladies,Dénombrement de la Prestation Préfiltré,0.1
DAMIR,Dépenses assurance maladies,Quantité de la Prestation Préfiltrée,0.1
DAMIR,Dépenses assurance maladies,Montant du Dépassement de la Prestation Préfiltré,0.1
DAMIR,Dépenses assurance maladies,Montant de la Dépense de la Prestation Préfiltrée,0.1
DAMIR,Dépenses assurance maladies,Montant Versé/Remboursé Préfiltré,0.1
DAMIR,Dépenses assurance maladies,Année et Mois de Traitement,0.1
DAMIR,Dépenses assurance maladies,Mode de Traitement Etb Exécutant,0.1
DAMIR,Dépenses assurance maladies,Mode de Fixation des Tarifs Etb Exécutant,0.1
DAMIR,Dépenses assurance maladies,Modulation du Ticket Modérateur,0.1
DAMIR,Dépenses assurance maladies,Région de l'Organisme de Liquidation,0.1
DAMIR,Dépenses assurance maladies,Région du PS Prescripteur,0.1
DAMIR,Dépenses assurance maladies,Coefficient Global,0.1
DAMIR,Dépenses assurance maladies,Dénombrement,0.1
DAMIR,Dépenses assurance maladies,Quantité,0.1
DAMIR,Dépenses assurance maladies,Montant du Dépassement,0.1
DAMIR,Dépenses assurance maladies,Type de Prise en Charge Forfait Journalier,0.1
DAMIR,Dépenses assurance maladies,Nature de Prestation,0.1
DAMIR,Dépenses assurance maladies,Montant de la Dépense,0.1
DAMIR,Dépenses assurance maladies,Code Qualificatif Parcours de Soins (sortie),0.1
DAMIR,Dépenses assurance maladies,Code Secteur Privé/Public,0.1
DAMIR,Dépenses assurance maladies,Base de Remboursement,0.1
DAMIR,Dépenses assurance maladies,Montant Versé/Remboursé,0.1
DAMIR,Dépenses assurance maladies,Taux de Remboursement,0.1
DAMIR,Dépenses assurance maladies,Type de Remboursement,0.1
DAMIR,Dépenses assurance maladies,Catégorie de l' Exécutant,0.1
DAMIR,Dépenses assurance maladies,Nature d'Activité PS Exécutant,0.1
DAMIR,Dépenses assurance maladies,Spécialité Médicale PS Exécutant,0.1
DAMIR,Dépenses assurance maladies,Statut Juridique PS Exécutant,0.1
DAMIR,Dépenses assurance maladies,Catégorie du Prescripteur,0.1
DAMIR,Dépenses assurance maladies,Nature d'Activité PS Prescripteur,0.1
DAMIR,Dépenses assurance maladies,Spécialité Médicale PS Prescripteur,0.1
DAMIR,Dépenses assurance maladies,Statut Juridique PS Prescripteur,0.1
DAMIR,Dépenses assurance maladies,Année de Soins,0.1
DAMIR,Dépenses assurance maladies,Mois de Soins,0.1
DAMIR,Dépenses assurance maladies,Top Périmètre hors CMU C et prestations pour info,0.1
InfoClimat,Données Climatiques,,0.1
InfoClimat,Données Climatiques,Température Minimale Extreme,0.1
InfoClimat,Données Climatiques,Température Minimale Moyenne,0.1
InfoClimat,Données Climatiques,Temperature Moyenne,0.1
InfoClimat,Données Climatiques,Température Maximale Extreme,0.1
InfoClimat,Données Climatiques,Température Maximale Moyenne,0.1
Data Gouv,Gendarmerie Nationale,,0.1
Data Gouv,Gendarmerie Nationale,Règlements de compte entre malfaireurs,0.1
Data Gouv,Gendarmerie Nationale,Homicides pour voler et à l'occasion de vols,0.1
Data Gouv,Gendarmerie Nationale,Homicides pour d'autres motifs,0.1
Data Gouv,Gendarmerie Nationale,Tentatives d'homicides pour voler et à l'occasion de vols,0.1
Data Gouv,Gendarmerie Nationale,Tentatives homicides pour d'autres motifs,0.1
Data Gouv,Gendarmerie Nationale,Coups et blessures volontaires suivis de mort,0.1
Data Gouv,Gendarmerie Nationale,Autres coups et blessures volontaires criminels ou correctionnels,0.1
Data Gouv,Gendarmerie Nationale,Prises d'otages à l'occasion de vols,0.1
Data Gouv,Gendarmerie Nationale,Prises d'otages dans un autre but,0.1
Data Gouv,Gendarmerie Nationale,Sequestrations,0.1
Data Gouv,Gendarmerie Nationale,Menaces ou chantages pour extorsion de fonds,0.1
Data Gouv,Gendarmerie Nationale,Menaces ou chantages dans un autre but,0.1
Data Gouv,Gendarmerie Nationale,Atteintes à la dignité et à la personnalité,0.1
Data Gouv,Gendarmerie Nationale,Violations de domicile,0.1
Data Gouv,Gendarmerie Nationale,Vols à main armée contre des établissements financiers,0.1
Data Gouv,Gendarmerie Nationale,Vols à main armée contre des éts industriels ou commerciaux,0.1
Data Gouv,Gendarmerie Nationale,Vols à main armée contre des entreprises de transports de fonds,0.1
Data Gouv,Gendarmerie Nationale,Vols à main armée contre des particuliers à leur domicile,0.1
Data Gouv,Gendarmerie Nationale,Autres vols à main armée,0.1
Data Gouv,Gendarmerie Nationale,Vols avec armes blanches contre des établissements financiers,commerciaux ou industriels,0.1
Data Gouv,Gendarmerie Nationale,Vols avec armes blanches contre des particuliers à leur domicile,0.1
Data Gouv,Gendarmerie Nationale,Autres vols avec armes blanches,0.1
Data Gouv,Gendarmerie Nationale,Vols violents sans arme contre des établissements financiers,commerciaux ou industriels,0.1
Data Gouv,Gendarmerie Nationale,Vols violents sans arme contre des particuliers à leur domicile,0.1
Data Gouv,Gendarmerie Nationale,Vols violents sans arme contre des femmes sur voie publique ou autre lieu public,0.1
Data Gouv,Gendarmerie Nationale,Vols violents sans arme contre d'autres victimes,0.1
Data Gouv,Gendarmerie Nationale,Cambriolages de locaux d'habitations principales,0.1
Data Gouv,Gendarmerie Nationale,Cambriolages de résidences secondaires,0.1
Data Gouv,Gendarmerie Nationale,Cambriolages de locaux industriels, commerciaux ou financiers,0.1
Data Gouv,Gendarmerie Nationale,Cambriolages d'autres lieux,0.1
Data Gouv,Gendarmerie Nationale,Vols avec entrée par ruse en tous lieux,0.1
Data Gouv,Gendarmerie Nationale,Vols à la tire,0.1
Data Gouv,Gendarmerie Nationale,Vols à l'étalage,0.1
Data Gouv,Gendarmerie Nationale,Vols de véhicules de transport avec frêt,0.1
Data Gouv,Gendarmerie Nationale,Vols d'automobiles,0.1
Data Gouv,Gendarmerie Nationale,Vols de véhicules motorisés à 2 roues,0.1
Data Gouv,Gendarmerie Nationale,Vols à la roulotte,0.1
Data Gouv,Gendarmerie Nationale,Vols d'accessoires sur véhicules à moteur immatriculés,0.1
Data Gouv,Gendarmerie Nationale,Vols simples sur chantier,0.1
Data Gouv,Gendarmerie Nationale,Vols simples sur exploitations agricoles,0.1
Data Gouv,Gendarmerie Nationale,Autres vols simples contre des établissements publics ou privés,0.1
Data Gouv,Gendarmerie Nationale,Autres vols simples contre des particuliers dans deslocaux privés,0.1
Data Gouv,Gendarmerie Nationale,Autres vols simples contre des particuliers dans des locaux ou lieux publics,0.1
Data Gouv,Gendarmerie Nationale,Recels,0.1
Data Gouv,Gendarmerie Nationale,Proxénétisme,0.1
Data Gouv,Gendarmerie Nationale,Viols sur des majeur(e)s,0.1
Data Gouv,Gendarmerie Nationale,Viols sur des mineur(e)s,0.1
Data Gouv,Gendarmerie Nationale,Harcèlements sexuels et autres agressions sexuelles contre des majeur(e)s,0.1
Data Gouv,Gendarmerie Nationale,Harcèlements sexuels et autres agressions sexuelles contre des mineur(e)s,0.1
Data Gouv,Gendarmerie Nationale,Atteintes sexuelles,0.1
Data Gouv,Gendarmerie Nationale,Homicides commis contre enfants de moins de 15 ans,0.1
Data Gouv,Gendarmerie Nationale,Violences, mauvais traitements et abandons d'enfants.,0.1
Data Gouv,Gendarmerie Nationale,Délits au sujet de la garde des mineurs,0.1
Data Gouv,Gendarmerie Nationale,Non versement de pension alimentaire,0.1
Data Gouv,Gendarmerie Nationale,Trafic et revente sans usage de stupéfiants,0.1
Data Gouv,Gendarmerie Nationale,Usage-revente de stupéfiants,0.1
Data Gouv,Gendarmerie Nationale,Usage de stupéfiants,0.1
Data Gouv,Gendarmerie Nationale,Autres infractions à la législation sur les stupéfiants,0.1
Data Gouv,Gendarmerie Nationale,Délits de débits de boissons et infraction à la règlementation sur l'alcool et le tabac,0.1
Data Gouv,Gendarmerie Nationale,Fraudes alimentaires et infractions à l'hygiène,0.1
Data Gouv,Gendarmerie Nationale,Autres délits contre santé publique et la réglementation des professions médicales,0.1
Data Gouv,Gendarmerie Nationale,Incendies volontaires de biens publics,0.1
Data Gouv,Gendarmerie Nationale,Incendies volontaires de biens privés,0.1
Data Gouv,Gendarmerie Nationale,Attentats à l'explosif contre des biens publics,0.1
Data Gouv,Gendarmerie Nationale,Attentats à l'explosif contre des biens privés,0.1
Data Gouv,Gendarmerie Nationale,Autres destructions er dégradations de biens publics,0.1
Data Gouv,Gendarmerie Nationale,Autres destructions er dégradations de biens privés,0.1
Data Gouv,Gendarmerie Nationale,Destructions et dégradations de véhicules privés,0.1
Data Gouv,Gendarmerie Nationale,Infractions aux conditions générales d'entrée et de séjour des étrangers,0.1
Data Gouv,Gendarmerie Nationale,Aide à l'entrée, à la circulation et au séjour des étrangers,0.1
Data Gouv,Gendarmerie Nationale,Autres infractions à la police des étrangers,0.1
Data Gouv,Gendarmerie Nationale,Outrages à dépositaires autorité,0.1
Data Gouv,Gendarmerie Nationale,Violences à dépositaires autorité,0.1
Data Gouv,Gendarmerie Nationale,Port ou détention armes prohibées,0.1
Data Gouv,Gendarmerie Nationale,Atteintes aux intérêts fondamentaux de la Nation,0.1
Data Gouv,Gendarmerie Nationale,Délits des courses et des jeux,0.1
Data Gouv,Gendarmerie Nationale,Délits interdiction de séjour et de paraître,0.1
Data Gouv,Gendarmerie Nationale,Destructions, cruautés et autres délits envers les animaux,0.1
Data Gouv,Gendarmerie Nationale,Atteintes à l'environnement,0.1
Data Gouv,Gendarmerie Nationale,Chasse et pêche,0.1
Data Gouv,Gendarmerie Nationale,Faux documents d'identité,0.1
Data Gouv,Gendarmerie Nationale,Faux documents concernant la circulation des véhicules,0.1
Data Gouv,Gendarmerie Nationale,Autres faux documents administratifs,0.1
Data Gouv,Gendarmerie Nationale,Faux en écriture publique et authentique,0.1
Data Gouv,Gendarmerie Nationale,Autres faux en écriture,0.1
Data Gouv,Gendarmerie Nationale,Fausse monnaie,0.1
Data Gouv,Gendarmerie Nationale,Contrefaçons et fraudes industrielles et commerciales,0.1
Data Gouv,Gendarmerie Nationale,Contrefaçons littéraires et artistique,0.1
Data Gouv,Gendarmerie Nationale,Falsification et usages de chèques volés,0.1
Data Gouv,Gendarmerie Nationale,Falsification et usages de cartes de crédit,0.1
Data Gouv,Gendarmerie Nationale,Escroqueries et abus de confiance,0.1
Data Gouv,Gendarmerie Nationale,Infractions à la législation sur les chèques,0.1
Data Gouv,Gendarmerie Nationale,Travail clandestin,0.1
Data Gouv,Gendarmerie Nationale,Emploi d'étranger sans titre de travail,0.1
Data Gouv,Gendarmerie Nationale,Marchandage - prêt de main d'oeuvre,0.1
Data Gouv,Gendarmerie Nationale,Index non utilisé,0.1
Data Gouv,Gendarmerie Nationale,Index non utilisé,0.1
Data Gouv,Gendarmerie Nationale,Banqueroutes, abus de biens sociaux et autres délits de société,0.1
Data Gouv,Gendarmerie Nationale,Index non utilisé,0.1
Data Gouv,Gendarmerie Nationale,Index non utilisé,0.1
Data Gouv,Gendarmerie Nationale,Prix illicittes, publicité fausse et infractions aux règles de la concurrence,0.1
Data Gouv,Gendarmerie Nationale,Achats et ventes sans factures,0.1
Data Gouv,Gendarmerie Nationale,Infractions à l'exercice d'une profession règlementée,0.1
Data Gouv,Gendarmerie Nationale,Infractions au droit de l'urbanisme et de la construction,0.1
Data Gouv,Gendarmerie Nationale,Fraudes fiscales,0.1
Data Gouv,Gendarmerie Nationale,Autres délits économiques et financiers,0.1
Data Gouv,Gendarmerie Nationale,Autres délits,0.1
Data Gouv,Police Nationale,,0.1
Data Gouv,Police Nationale,Règlements de compte entre malfaireurs,0.1
Data Gouv,Police Nationale,Homicides pour voler et à l'occasion de vols,0.1
Data Gouv,Police Nationale,Homicides pour d'autres motifs,0.1
Data Gouv,Police Nationale,Tentatives d'homicides pour voler et à l'occasion de vols,0.1
Data Gouv,Police Nationale,Tentatives homicides pour d'autres motifs,0.1
Data Gouv,Police Nationale,Coups et blessures volontaires suivis de mort,0.1
Data Gouv,Police Nationale,Autres coups et blessures volontaires criminels ou correctionnels,0.1
Data Gouv,Police Nationale,Prises d'otages à l'occasion de vols,0.1
Data Gouv,Police Nationale,Prises d'otages dans un autre but,0.1
Data Gouv,Police Nationale,Sequestrations,0.1
Data Gouv,Police Nationale,Menaces ou chantages pour extorsion de fonds,0.1
Data Gouv,Police Nationale,Menaces ou chantages dans un autre but,0.1
Data Gouv,Police Nationale,Atteintes à la dignité et à la personnalité,0.1
Data Gouv,Police Nationale,Violations de domicile,0.1
Data Gouv,Police Nationale,Vols à main armée contre des établissements financiers,0.1
Data Gouv,Police Nationale,Vols à main armée contre des éts industriels ou commerciaux,0.1
Data Gouv,Police Nationale,Vols à main armée contre des entreprises de transports de fonds,0.1
Data Gouv,Police Nationale,Vols à main armée contre des particuliers à leur domicile,0.1
Data Gouv,Police Nationale,Autres vols à main armée,0.1
Data Gouv,Police Nationale,Vols avec armes blanches contre des établissements financiers,commerciaux ou industriels,0.1
Data Gouv,Police Nationale,Vols avec armes blanches contre des particuliers à leur domicile,0.1
Data Gouv,Police Nationale,Autres vols avec armes blanches,0.1
Data Gouv,Police Nationale,Vols violents sans arme contre des établissements financiers,commerciaux ou industriels,0.1
Data Gouv,Police Nationale,Vols violents sans arme contre des particuliers à leur domicile,0.1
Data Gouv,Police Nationale,Vols violents sans arme contre des femmes sur voie publique ou autre lieu public,0.1
Data Gouv,Police Nationale,Vols violents sans arme contre d'autres victimes,0.1
Data Gouv,Police Nationale,Cambriolages de locaux d'habitations principales,0.1
Data Gouv,Police Nationale,Cambriolages de résidences secondaires,0.1
Data Gouv,Police Nationale,Cambriolages de locaux industriels, commerciaux ou financiers,0.1
Data Gouv,Police Nationale,Cambriolages d'autres lieux,0.1
Data Gouv,Police Nationale,Vols avec entrée par ruse en tous lieux,0.1
Data Gouv,Police Nationale,Vols à la tire,0.1
Data Gouv,Police Nationale,Vols à l'étalage,0.1
Data Gouv,Police Nationale,Vols de véhicules de transport avec frêt,0.1
Data Gouv,Police Nationale,Vols d'automobiles,0.1
Data Gouv,Police Nationale,Vols de véhicules motorisés à 2 roues,0.1
Data Gouv,Police Nationale,Vols à la roulotte,0.1
Data Gouv,Police Nationale,Vols d'accessoires sur véhicules à moteur immatriculés,0.1
Data Gouv,Police Nationale,Vols simples sur chantier,0.1
Data Gouv,Police Nationale,Vols simples sur exploitations agricoles,0.1
Data Gouv,Police Nationale,Autres vols simples contre des établissements publics ou privés,0.1
Data Gouv,Police Nationale,Autres vols simples contre des particuliers dans deslocaux privés,0.1
Data Gouv,Police Nationale,Autres vols simples contre des particuliers dans des locaux ou lieux publics,0.1
Data Gouv,Police Nationale,Recels,0.1
Data Gouv,Police Nationale,Proxénétisme,0.1
Data Gouv,Police Nationale,Viols sur des majeur(e)s,0.1
Data Gouv,Police Nationale,Viols sur des mineur(e)s,0.1
Data Gouv,Police Nationale,Harcèlements sexuels et autres agressions sexuelles contre des majeur(e)s,0.1
Data Gouv,Police Nationale,Harcèlements sexuels et autres agressions sexuelles contre des mineur(e)s,0.1
Data Gouv,Police Nationale,Atteintes sexuelles,0.1
Data Gouv,Police Nationale,Homicides commis contre enfants de moins de 15 ans,0.1
Data Gouv,Police Nationale,Violences, mauvais traitements et abandons d'enfants.,0.1
Data Gouv,Police Nationale,Délits au sujet de la garde des mineurs,0.1
Data Gouv,Police Nationale,Non versement de pension alimentaire,0.1
Data Gouv,Police Nationale,Trafic et revente sans usage de stupéfiants,0.1
Data Gouv,Police Nationale,Usage-revente de stupéfiants,0.1
Data Gouv,Police Nationale,Usage de stupéfiants,0.1
Data Gouv,Police Nationale,Autres infractions à la législation sur les stupéfiants,0.1
Data Gouv,Police Nationale,Délits de débits de boissons et infraction à la règlementation sur l'alcool et le tabac,0.1
Data Gouv,Police Nationale,Fraudes alimentaires et infractions à l'hygiène,0.1
Data Gouv,Police Nationale,Autres délits contre santé publique et la réglementation des professions médicales,0.1
Data Gouv,Police Nationale,Incendies volontaires de biens publics,0.1
Data Gouv,Police Nationale,Incendies volontaires de biens privés,0.1
Data Gouv,Police Nationale,Attentats à l'explosif contre des biens publics,0.1
Data Gouv,Police Nationale,Attentats à l'explosif contre des biens privés,0.1
Data Gouv,Police Nationale,Autres destructions er dégradations de biens publics,0.1
Data Gouv,Police Nationale,Autres destructions er dégradations de biens privés,0.1
Data Gouv,Police Nationale,Destructions et dégradations de véhicules privés,0.1
Data Gouv,Police Nationale,Infractions aux conditions générales d'entrée et de séjour des étrangers,0.1
Data Gouv,Police Nationale,Aide à l'entrée, à la circulation et au séjour des étrangers,0.1
Data Gouv,Police Nationale,Autres infractions à la police des étrangers,0.1
Data Gouv,Police Nationale,Outrages à dépositaires autorité,0.1
Data Gouv,Police Nationale,Violences à dépositaires autorité,0.1
Data Gouv,Police Nationale,Port ou détention armes prohibées,0.1
Data Gouv,Police Nationale,Atteintes aux intérêts fondamentaux de la Nation,0.1
Data Gouv,Police Nationale,Délits des courses et des jeux,0.1
Data Gouv,Police Nationale,Délits interdiction de séjour et de paraître,0.1
Data Gouv,Police Nationale,Destructions, cruautés et autres délits envers les animaux,0.1
Data Gouv,Police Nationale,Atteintes à l'environnement,0.1
Data Gouv,Police Nationale,Chasse et pêche,0.1
Data Gouv,Police Nationale,Faux documents d'identité,0.1
Data Gouv,Police Nationale,Faux documents concernant la circulation des véhicules,0.1
Data Gouv,Police Nationale,Autres faux documents administratifs,0.1
Data Gouv,Police Nationale,Faux en écriture publique et authentique,0.1
Data Gouv,Police Nationale,Autres faux en écriture,0.1
Data Gouv,Police Nationale,Fausse monnaie,0.1
Data Gouv,Police Nationale,Contrefaçons et fraudes industrielles et commerciales,0.1
Data Gouv,Police Nationale,Contrefaçons littéraires et artistique,0.1
Data Gouv,Police Nationale,Falsification et usages de chèques volés,0.1
Data Gouv,Police Nationale,Falsification et usages de cartes de crédit,0.1
Data Gouv,Police Nationale,Escroqueries et abus de confiance,0.1
Data Gouv,Police Nationale,Infractions à la législation sur les chèques,0.1
Data Gouv,Police Nationale,Travail clandestin,0.1
Data Gouv,Police Nationale,Emploi d'étranger sans titre de travail,0.1
Data Gouv,Police Nationale,Marchandage - prêt de main d'oeuvre,0.1
Data Gouv,Police Nationale,Index non utilisé,0.1
Data Gouv,Police Nationale,Index non utilisé,0.1
Data Gouv,Police Nationale,Banqueroutes, abus de biens sociaux et autres délits de société,0.1
Data Gouv,Police Nationale,Index non utilisé,0.1
Data Gouv,Police Nationale,Index non utilisé,0.1
Data Gouv,Police Nationale,Prix illicittes, publicité fausse et infractions aux règles de la concurrence,0.1
Data Gouv,Police Nationale,Achats et ventes sans factures,0.1
Data Gouv,Police Nationale,Infractions à l'exercice d'une profession règlementée,0.1
Data Gouv,Police Nationale,Infractions au droit de l'urbanisme et de la construction,0.1
Data Gouv,Police Nationale,Fraudes fiscales,0.1
Data Gouv,Police Nationale,Autres délits économiques et financiers,0.1
Data Gouv,Police Nationale,Autres délits,0.1